브랜드명,지역,매장명,주소,위도,경도
메머드커피,서울,수락산역점,"서울특별시 노원구 동일로 1672, 1층 103호(상계동)",37.6775530472449,127.055567353012
메머드커피,서울,방배카페골목점,"서울특별시 서초구 방배로43길 43, 1층 103호",37.4952525533191,126.986055349266
메머드커피,서울,홍대본점,"서울특별시 마포구 와우산로 149, 1층",37.5546048094002,126.929704861685
메머드커피,서울,서강대후문점,"서울특별시 마포구 대흥로 118, 1층",37.5499377848817,126.943954116886
메머드커피,서울,강남효성해링턴점,"서울특별시 서초구 강남대로51길 10, 1층 106호(서초도으 강남효성해링턴타워)",37.4912814432289,127.029275725304
메머드커피,서울,강동길동점,"서울특별시 강동구 양재대로 1499, 길동역세권청년주택 A동 1층 103호, 104호",37.5395668653995,127.140318738444
메머드커피,서울,마포서교점,"서울특별시 마포구 월드컵북로1길 56, 1층",37.5538544560017,126.918618890048
메머드커피,서울,가락시장역점,"서울특별시 송파구 송파대로 260, 1층 105호(가락동, 제일오피스텔)",37.4931390130546,127.118864841565
메머드커피,서울,강동성심병원점,"서울특별시 강동구 진황도로 85, 강동큐브2차 1층 107호",37.5366245950933,127.136132976612
메머드커피,서울,홍대잔다리로점,"서울특별시 마포구 잔다리로6길 22, 1층 전부",37.5521388152841,126.920394669087
메머드커피,서울,효창공원앞역점,"서울특별시 용산구 백범로 313, 용산롯데캐슬센터포레아파트 지하3층 115호",37.5393023092398,126.962948470932
메머드커피,서울,교대후문점,"서울특별시 서초구 서초대로54길 33, 1층(서초동)",37.4927658159707,127.016421629905
메머드커피,서울,용산용문시장점,서울특별시 용산구 효창원로42길 16. 1층 일부,37.5365669622615,126.959913130701
메머드커피,서울,뱅뱅사거리점,"서울특별시 강남구 강남대로62길 11, 1층(역삼동)",37.4905080667951,127.032535045292
메머드커피,서울,오목교역점,"서울특별시 양천구 오목로 345, 슬로우스퀘어 1층 108-1호",37.5247775349288,126.875820730078
메머드커피,서울,문래에이스NS타워점,"서울특별시 영등포구 문래동6가 33, 에이스NS타워 1층 108호",37.5213161023556,126.885766585841
메머드커피,서울,압구정유림아트홀점,"서울특별시 강남구 압구정로28길 49, 유림아트홀 1층 103호",37.5232586676671,127.027711483385
메머드커피,서울,경찰병원점,"서울특별시 송파구 송파대로28길 43, 1층 102호(가락동)",37.4957322035314,127.12212959012
메머드커피,서울,BYC사옥점,서울특별시 영등포구 대림동 1005-3 (준공 전이라 구주소 입력),37.4875891743882,126.901839198241
메머드커피,서울,둔촌파크포레온5점,"서울특별시 강동구 양재대로 1360, 포레온스테이션5 지하1층 B111호 일부",37.5274758605763,127.137046059861
메머드커피,서울,서초법원점,"서울특별시 서초구 서초중앙로24길 15, 1층(서초동, 단우빌딩)",37.4949288565244,127.01512505327
메머드커피,서울,에이스하이엔드타워6차점,"서울특별시 금천구 벚꽃로 234, 1층 110호(가산동, 에이스하이엔드타워6차)",37.4759973021269,126.88613236531
메머드커피,서울,강남1호점,"서울특별시 강남구 역삼로 113, 1층 102호(역삼동)",37.49379072223,127.03147984731
메머드커피,서울,가산스카이밸리1차점,"서울특별시 금천구 가산디지털1로 142, 1층 129호(가산동, 가산 더스카이밸리 1차)",37.4784047058322,126.883358589722
메머드커피,서울,내곡동한국콜마점,서울특별시 서초구 헌릉로8길 60 상가동 106호,37.454339212446,127.063651297207
메머드커피,서울,영등포동2가점,"서울특별시 영등포구 영등포로 251-1, 1층 일부(영등포동2가)",37.5191861177254,126.909446105495
메머드커피,서울,독산역스카이밸리2차점,"서울특별시 금천구 범안로 1142, 1층 113(일부)호(가산동, 하우스디 더 스카이밸리 가산2차)",37.4657639015803,126.888975080269
메머드커피,서울,용산국방부점,"서울특별시 용산구 한강대로62다길 35, 1층 102호",37.532573888489,126.974852528853
메머드커피,서울,관악구청점,"서울특별시 관악구 관악로11길 17, 1층 104호(봉천동, 연빌딩)",37.4776871591135,126.951211820023
메머드커피,서울,구의역점,"서울특별시 광진구 아차산로 405, 벨라로사오피스텔 1층",37.5378485471498,127.087586102902
메머드커피,서울,천호시장점,"서울특별시 강동구 구천면로 245, 1층 일부",37.5422808630307,127.130896791016
메머드커피,서울,문정skv1지하점,"서울특별시 송파구 법원로 128, B동 지하 120호 (문정동, 문정 SKV1 GL메트로시티)",37.4868314347245,127.120453991896
메머드커피,서울,중림동점,"서울특별시 중구 중림로 45, 1층",37.5575144716468,126.968223891378
메머드커피,서울,서초서일점,"서울특별시 서초구 효령로68길 59, 1층(서초동)",37.485318474744,127.02181230117
메머드커피,서울,연세대학교 치과대학병원점,"서울특별시 서대문구 연세로 50-1, 연세대학교 치과대학병원 로비층",37.563674036531,126.941917689273
메머드커피,서울,서초센트럴점,"서울특별시 서초구 반포대로18길 36, 1층 107호(서초동, 서초센트럴IPARK)",37.4872095260345,127.011468498188
메머드커피,서울,암사역점,"서울특별시 강동구 올림픽로 782, 501타워 1층 103호",37.5508657313861,127.128126213246
메머드커피,서울,신정교점,"서울특별시 양천구 신목로 31,1층 102호(신정동)",37.5183565502698,126.873703975229
메머드커피,서울,건대후문점,"서울특별시 광진구 화양동495-26, 1층 일부",37.5452966502999,127.07644298382
메머드커피,서울,내방점,"서울특별시 서초구 방배로 174, 1층",37.4891828159505,126.993061030072
메머드커피,서울,상암이안점,"서울특별시 마포구 월드컵북로 361, 2단지 108호 일부",,
메머드커피,서울,숭실대점,"서울특별시 동작구 사당로 24, 1층(상도동)",37.4950806768557,126.95702853765
메머드커피,서울,건대레이크홀점,"서울특별시 광진구 능동로 120, 건국대학교 레이크홀 1층 일부",37.539182674872,127.074711902268
메머드커피,서울,서여의도점,"서울특별시 영등포구 국회대로76길 18, 1층 4호(여의도동, 오성빌딩)",37.5299809424284,126.922228267837
메머드커피,서울,서초점,"서울특별시 서초구 서초대로40길 88, 103호 (서초동)",37.487715496529,127.008721965452
메머드커피,서울,양재역점,"서울특별시 강남구 남부순환로359길 12, 1층 101호(도곡동, 항덕빌딩)",37.485808594248,127.036817727447
메머드커피,서울,건대스타시티점,"서울특별시 광진구 능동로 110, 스타시티영존 1층 F107호",37.540657941434,127.07141185507
메머드커피,서울,거여동점,"서울특별시 송파구 오금로 558, 1층 102호(거여동, 문성회관)",37.4926218500951,127.150822469453
메머드커피,서울,서울숲한라시그마밸리1차점,"서울특별시 성동구 성수이로 51, 서울숲한라시그마밸리1차 1층 104-A호",37.540276455651,127.055100973263
메머드커피,서울,삼성역현대GBC점,"서울특별시 강남구 테헤란로107길 11, 지상 1층 103호(삼성동, 성보타운)",37.5104297492841,127.065059101392
메머드커피,서울,상일동리엔파크점,"서울특별시 강동구 상일로 74, 고덕리엔파크3단지 상가2동 1층 101호",37.5513683747695,127.174785524346
메머드커피,서울,숭실대입구역점,"서울특별시 동작구 상도로62길 69, 1층(상도동, 라온)",37.4971045897798,126.952285826707
메머드커피,서울,서울교대정문점,"서울특별시 서초구 사임당로 60, 1층 일부",37.4887411862251,127.016488479361
메머드커피,서울,연남점,"서울특별시 마포구 동교로27길 50, 1층 101호",37.5600522314998,126.921406005107
메머드커피,서울,까치산역점,"서울특별시 강서구 강서로16길 5, 1층(화곡동)",37.5327914984409,126.846546975861
메머드커피,서울,신촌더피플점,"서울특별시 서대문구 신촌로12길 4, 1층 101호",37.5562530795107,126.932458208448
메머드커피,서울,문래SKV1점,"서울특별시 영등포구 선유로9길 10, 1층 129호(문래동6가, 문래 SKV1 center)",37.517867225916,126.887153335542
메머드커피,서울,성수서울숲ITCT점,"서울특별시 성동구 성수일로 10, 서울숲ITCT지식산업센터 1층 102호 일부",37.541278064379,127.048828114958
메머드커피,서울,연대동문점,"서울특별시 서대문구 연대동문길 27-6, 1층",37.5640545037931,126.943729733944
메머드커피,서울,영등포리드원점,"서울특별시 영등포구 양산로 91, 1층 119호(당산동3가, 리드원)",37.5250008864644,126.893131097724
메머드커피,서울,가산W센터점,"서울특별시 금천구 가산디지털1로 181, 1층 110호(가산동, 가산 더블유센터)",37.4814249861909,126.880393604209
메머드커피,서울,타임스퀘어시티점,"서울특별시 영등포구 문래로 180, 1층 102호(영등포동4가, 영등포 센트럴 푸르지오 시티)",37.5179669629614,126.901986967435
메머드커피,서울,사당점,"서울특별시 관악구 과천대로 953, 1층(남현동)",37.4756965883653,126.981279442342
메머드커피,서울,강남해커스타운점,"서울특별시 서초구 서초대로77길 9, 1층 105호(서초동)",37.49858941826,127.026213341634
메머드커피,서울,구로구청점,"서울특별시 구로구 가마산로 271, 1층 101호(구로동, 구롱오네뜨시티)",37.4963996027511,126.890291049446
메머드커피,서울,신논현점,"서울특별시 서초구 사평대로56길 7, 1층 107호(서초동, 서초한일유앤아이주상복합)",37.5032072803982,127.023519915144
메머드커피,서울,봉천역점,"서울특별시 관악구 남부순환로 1733, 1층(봉천동)",37.4825535910402,126.942759661044
메머드커피,서울,테헤란로중앙점,"서울특별시 강남구 언주로 432-10, 1층 101호(역삼동, 역삼오피스텔)",37.5021537081213,127.044080319766
메머드커피,서울,노량진큐브점,"서울특별시 동작구 노량진로 80, 1층 101호(노량진동, 노량진큐브스테이트)",37.5128873135611,126.934587901193
메머드커피,서울,역삼중앙점,"서울특별시 강남구 강남구 논현로 425, 마이다스빌딩 1층 102호",37.4981079801273,127.03793959219
메머드커피,서울,목동중앙점,"서울특별시 양천구 목동서로 133-4, 1층 105호(목동, 스카이포레)",37.5318240828972,126.87607560038
메머드커피,서울,관악센츄리타워점,"서울특별시 관악구 남부순환로 1808, 1층 3호",37.4810880767354,126.950917798181
메머드커피,서울,대치점,"서울특별시 강남구 도곡로 442, 1층 104호(대치동, 진흥빌딩)",37.4979496722429,127.058839031611
메머드커피,서울,서울대입구역점,"서울특별시 관악구 관악로 168, 제1층 제108-1호(봉천동, 대우디오슈페리움2단지)",37.4802159296703,126.952984762396
메머드커피,서울,구로대명벨리온점,"서울특별시 구로구 경인로53가길 10, 1층 107호(구로동, 구로 대명 벨리온 지식산업센터)",37.503193839963,126.874393271454
메머드커피,서울,보라매공원점,"서울특별시 동작구 보라매로5길 43, 보라매삼성쉐르빌아파트 1층 105호",37.4914310798968,126.923417000996
메머드커피,서울,역삼신일유토빌점,"서울특별시 강남구 논현로87길 41, 1층 104-1호(역삼동, 신일유토빌)",37.4988329157332,127.033517432189
메머드커피,서울,보라매대교점,"서울특별시 동작구 보라매로3길 29, 해태보라매타워 1층 12호",37.4912113425285,126.924990343437
메머드커피,서울,영등포반도아이비밸리점,"서울특별시 영등포구 영신로 166, 영등포반도아이비밸리 1층 118호",37.5226784655386,126.901962138943
메머드커피,서울,가든파이브툴동점,"서울특별시 송파구 충민로 10, 가든파이브툴동 1층 S01호",37.4786173172251,127.119106729654
메머드커피,서울,영등포이앤씨점,"서울특별시 영등포구 선유로 146, 이앤씨드림타워 1층 121호일부",37.5268517099864,126.89182881894
메머드커피,서울,남성점,"서울특별시 동작구 사당로16길 12, 1층(사당동)",37.4829843560294,126.973505720108
메머드커피,서울,국기원점,"서울특별시 강남구 테헤란로5길 11, 1층 2호(역삼동)",37.4994948439229,127.029264003855
메머드커피,서울,역삼신한점,"서울특별시 강남구 언주로 405, 지상1층 106호(역삼동)",37.4991851221367,127.043950332457
메머드커피,서울,메가스터디타워점,"서울특별시 동작구 노량진로140, 메가스터디타워 1층 102호",37.512756878817,126.941700638806
메머드커피,서울,영등포시장역점,"서울특별시 영등포구 영중로 75-1, 1층(영등포동7가)",37.5231280231047,126.904885139752
메머드커피,서울,오금역점,"서울특별시 송파구 오금로 307, 르네상스빌아파트 1층 101호",37.5034739040838,127.126673907784
메머드커피,서울,중앙대점,"서울특별시 동작구 흑석로101, 1층(흑석동)",37.5077478063551,126.960583855519
메머드커피,서울,신사압구정점,"서울특별시 강남구 도산대로25길 36, 1층 101호",37.5219399746502,127.02647003937
메머드커피,서울,영등포우체국점,"서울특별시 영등포구 경인로 841, 1층(영등포동4가)",37.5165301858178,126.90604309721
메머드커피,서울,대방역점,"서울특별시 영등포구 여의대방로62길 2, 1층(신길동, 봉덕빌딩)",37.5138160173395,126.926676485586
메머드커피,서울,동아프라임밸리점,"서울특별시 영등포구 영등포로5길 19, 1층 105호(양평동2가, 동아프라임밸리)",37.5241158142187,126.884222107312
메머드커피,서울,논현언주로점,"서울특별시 강남구 언주로150길 24, 1층",37.5213133462612,127.036240598407
메머드커피,서울,에이스K-1타워점,"서울특별시 금천구 가산디지털2로 166, 1층 101호(가산동, 에이스1타워)",37.4826735316069,126.878293835001
메머드커피,서울,용산아스테리움점,"서울특별시 용산구 한강대로30길25, 아스테리움용산 지하1층 20호",37.527358545339,126.968861735609
메머드커피,서울,가산디지털단지역점,"서울특별시 금천구 벚꽃로 298, 1층 104-2호(가산동, 대륭포스트타워6차)",37.4814401689835,126.883871693415
메머드커피,서울,용산센트럴파크점,"서울특별시 용산구 한강로2가 204, 용산호반써밋에이디션 1층 112호",37.5262795489202,126.966075923166
메머드커피,서울,대륭포스트5차점,"서울특별시 금천구 디지털로9길 68, 1층 112~113호(가산동, 대흉포스트타워 5차)",37.4810758439164,126.886418278694
메머드커피,서울,가산포휴점,"서울특별시 금천구 가산디지털1로 225, 1층 122-1호(가산동, 에이스가산 포휴)",37.4850725318802,126.878884450061
메머드커피,서울,신림대학점,"서울특별시 관악구 호암로26길 1, 1층 1호(신림동)",37.4709918069211,126.933898672188
메머드커피,서울,서초호반점,"서울특별시 서초구 양재대로2길 8, 서초리슈빌s글로벌 1층 108호",37.4597249378479,127.024464322988
메머드커피,서울,구로대진월드타워점,"서울특별시 구로구 시흥대로163길 25,102호(구로동, 대진월드Ⅰ)",37.4817801723696,126.89840190858
메머드커피,서울,구로에이스테크노타워3차점,"서울특별시 구로구 디지털로29길, 38, 103호(구로동, 에이스테크노타워 III)",37.4844975405616,126.89331047608
메머드커피,서울,신림역점,"서울특별시 관악구 신림로 344, 102호, 103호(신림동, 에스케이허브그린)",37.4851501707989,126.929977240424
메머드커피,서울,구로삼성IT밸리점,"서울특별시 구로구 디지털로33길 27, 1층 107-1호(구로동, 삼성아이티밸리)",37.4860566025335,126.894669265147
메머드커피,서울,강남서초점,"서울특별시 서초구 서초대로78길 30, 1층 1호(서초동)",37.4951181640471,127.027943870008
메머드커피,서울,신사가로수길점,"서울특별시 강남구 도산대로 139, 제이타워 B동 지하1층 2호",37.5182465379004,127.02371365338
메머드커피,서울,구로시장점,"서울특별시 구로구 구로동로26길 119, 1층 102호(구로동, 정엽빌딩)",37.4900653805612,126.890620654436
메머드커피,서울,우면동점,"서울특별시 서초구 성촌1길 12, 삼성프라자2 1층 103호",37.4656623427545,127.022142311822
메머드커피,서울,목동41타워점,"서울특별시 양천구 목동동로 293, 1층 1-13호(목동, 현대41타워)",37.5281783139269,126.875771989415
메머드커피,서울,오류동점,"서울특별시 구로구 오류로 51, 1층(오류동)",37.4894645051593,126.839573072838
메머드커피,서울,당산생각공장점,"서울특별시 영등포구 영등포로 150, 1층 B112호(당산동1가, 생각공장 당산)",37.5205870929846,126.897544120719
메머드커피,서울,에이스하이테크시티점,"서울특별시 영등포구 경인로 775, B183호(문래동3가, 에이스하이테크시티)",37.5147464245043,126.897536835727
메머드커피,서울,삼성타운점,"서울특별시 서초구 서운로 138, 108호(서초동, 서초동아타워)",37.495994185,127.025267395048
메머드커피,서울,매봉역점,"서울특별시 강남구 남부순환로378길 8, 1층(도곡동)",37.4857360644733,127.045597091334
메머드커피,서울,송파헬리오시티점,"서울특별시 송파구 송파대로 345, 001A동 1001호(가락동, 헬리오시티)",37.4976145695004,127.102531804188
메머드커피,서울,매헌역점,"서울특별시 서초구 강남대로10길 41, 1층(양재동)",37.4693179282875,127.041527390378
메머드커피,서울,구로디지털단지점,"서울특별시 구로구 디지털로32나길 17-45, 1층 101호(구로동, 오피스텔미래지오)",37.4851745815704,126.899502996554
메머드커피,서울,강동롯데캐슬점,"서울특별시 강동구 고덕로 133, 롯데캐슬상가 1층 151호",37.5552528493133,127.140347239304
메머드커피,서울,충정로역센트럴타워점,"서울특별시 중구 서소문로 38, 센트럴타워 1층 104호, 105호, 106호",37.5604044928778,126.966215628015
메머드커피,서울,문정skv1점,"서울특별시 송파구 법원로 128, B동 1층 103호(문정동, 문정 SKV1 GL메트로시티)",37.4868314347245,127.120453991896
메머드커피,서울,우장산역점,"서울특별시 강서구 강서로45가길 10, 경원빌딩 1층 103호",37.5474870635534,126.835374437229
메머드커피,서울,영등포시장사거리점,"서울특별시 영등포구 영등포로 198-1, 1층",37.520050450149,126.903418714826
메머드커피,서울,영등포유통상가점,"서울특별시 영등포구 당산동2가 37, 하나비즈타워 1층 101호",37.5220395773634,126.893147199551
메머드커피,서울,목동점,"서울특별시 양천구 목동서로 221, 굿모닝탑오피스텔 1층 110호",37.5275897845611,126.870986158611
메머드커피,서울,영등포역남부점,"서울특별시 영등포구 영신로19길 12-1, 1층",37.5142684641793,126.906468515771
메머드커피,서울,동작행정타운점,"서울특별시 동작구 장승배기로 70, 장승배기종합행정타운 10호",37.5042374347633,126.940269700861
메머드커피,서울,신정초교점,"서울특별시 강서구 강서로16길 88, 1층",37.5335359622715,126.851096399439
메머드커피,서울,도곡군인공제회관점,"서울특별시 강남구 남부순환로 2806, 군인공제회관 B1 106호",37.489109180937,127.052914072356
메머드커피,서울,서초마제스타시티점,"서울특별시 서초구 서초대로38길 12, 마제스타시티서초애비뉴 제1층 117호",37.4904950346372,127.005381592272
메머드커피,서울,서초중앙점,"서울특별시 서초구 강남대로43길 10, 1층",37.4877005710886,127.031708748056
메머드커피,서울,교대사거리점,"서울특별시 서초구 사임당로 39, 한성빌딩 1층 104-2호",37.4884189352008,127.014095010132
메머드커피,서울,수서목화점,"서울특별시 강남구 광평로 56길 8-9, 목화오피스텔 1층 101호",37.4869502936243,127.103413871844
메머드커피,서울,동역삼로점,"서울특별시 강남구 역삼로 213, 1층 101호",37.4966140066973,127.040428391837
메머드커피,서울,양재역강남대로점,"서울특별시 서초구 강남대로 248, 1층",37.4857136858072,127.033915562524
메머드커피,서울,신대방삼거리역점,"서울특별시 동작구 상도로 69, 상원빌딩 103호",37.4999605059187,126.928375974876
메머드커피,서울,방배하나카드점,"서울특별시 서초구 방배로19길 14, 1층 102호",37.4852697084495,126.994185282096
메머드커피,서울,예술의전당앞점,"서울특별시 서초구 반포대로 7, 1층",37.4812597058569,127.012460380666
메머드커피,서울,서서울호수공원점,"서울특별시 강남구 남부순환로58길 33, 1층 105호",37.5292124680756,126.831297338012
메머드커피,서울,이수자이점,서울특별시 동작구 동작대로23길 12 1층,37.4843576053575,126.981130295676
메머드커피,서울,보라매초교점,"서울특별시 동작구 신대방동 여의대방로 88, 1층 일부",37.4967757894231,126.916540289046
메머드커피,서울,가든파이브웍스점,"서울특별시 송파구 충민로 52, 가든파이브웍스 지하1층 1074호",37.4777176293094,127.122746043108
메머드커피,서울,배곧로얄팰리스점,"서울대학로264번길 26-29, 다인로얄팰리스5차 1층 108,109호",37.3668090358284,126.727063930028
메머드커피,서울,에이스가산타워점,"서울특별시 금천구 디지털로 121, 1층 103호(가산동, 에이스가산타워)",37.4761399099716,126.880098704605
메머드커피,서울,구로거리공원점,"서울특별시 구로구 구로중앙로28길 73, 구로하우비 1층 105호",37.5008487635068,126.889318291994
메머드커피,서울,한라원앤원타워점,"서울특별시 금천구 가산디지털2로 101, 1층 118호(가산동)",37.477043450667,126.879222554896
메머드커피,서울,관악중앙점,"서울특별시 관악구 관악로 195, 관악위버폴리스 1층 제102호",37.4825638239353,126.953098728924
메머드커피,서울,서초구청점,"서울특별시 강남구 남부순환로347길 13, 동흥빌딩 1층 102호",37.4849669177093,127.031688484376
메머드커피,서울,중앙대후문점,"서울특별시 동작구 흑서로 25, 지하1층(상도동)",,
메머드커피,서울,역삼월드점,"서울특별시 강남구 역삼로52길 14, 월드메르디앙 도곡프라자 1층 112호",37.4985541072519,127.047989898024
메머드커피,서울,디앤써밋영등포점,"서울특별시 영등포구 당산동 버드나루로 23, 여의도디앤써밋 1층 101호",37.52071050315,126.912041065192
메머드커피,서울,논현중앙점,"서울특별시 강남구 논현동 학동로33길 40, B1층 전부",37.5174016184285,127.032281121601
메머드커피,서울,강서더리브골드타워점,"서울특별시 강서구 양천로 400-12, 더리브골드타워 1층 106호",37.5653423364178,126.84574846806
메머드커피,서울,마곡뉴브클라우드힐스점,"서울특별시 강서구 마곡중앙8로1길 81, 뉴브클라우드힐스 BT동 1층 110호",37.5685092627898,126.837632450912
메머드커피,서울,용산유플러스점,"서울특별시 용산구 한강대로14가길 24, 1층",37.5237997380883,126.964601097248
메머드커피,서울,삼성중앙역점,"서울특별시 강남구 봉은사로 471, 힐스테이트2단지 상가1층 102호",37.5127262745682,127.051239538093
메머드커피,서울,여의도에클라트점,"서울특별시 영등포구 국회대로 780, LG여의도에클라트 1층 116호",37.5298309198,126.919265654284
메머드커피,서울,당산양화대교남단점,"서울특별시 영등포구 선유로54길 14, 소미더클래스한강 102동 1층 103호",37.5358311138152,126.899934699731
메머드커피,서울,선유도우림라이온스점,"서울특별시 영등포구 양평로 149, 우림라이온스밸리A 1층 103호",37.5387159886562,126.891426979142
메머드커피,서울,마곡파인스퀘어3차점,"서울특별시 강서구 마곡중앙8로5길 11, 마곡파인스퀘어3차 1층 107호",37.5619100886907,126.837098401629
메머드커피,서울,삼성역점,"서울특별시 강남구 테헤란로108길 12, 하나빌딩 1층",37.5086105953986,127.065756496551
메머드커피,서울,선유도역점,"서울특별시 영등포구 선유로49길 23, 선유도역2차아이에스비즈타워 1층 101호,102-1호",37.5361864712485,126.895059294005
메머드커피,서울,여의도산정빌딩점,"서울특별시 영등포구 국회대로66길 23, 산정빌딩 1층 103호",37.5280905345888,126.919911477298
메머드커피,서울,송파둘레길본점,"서울특별시 송파구 삼전로2길 57, 매머드빌딩 1층",37.4994182055179,127.090626482324
메머드커피,서울,약진통상점,"서울특별시 송파구 위례성대로 132, 1층 일부",37.512120563691,127.126092780614
메머드커피,서울,언주역점,"서울특별시 강남구 봉은사로30길 11, 1층 102호",37.5068224692827,127.035451393147
메머드커피,서울,마곡나루역5번출구점,"서울특별시 강서구 마곡중앙로 111, 롯데캐슬르웨스트 104동 1층 163호",37.5638094509858,126.825417557789
메머드커피,서울,위더스논현점,"서울특별시 강남구 강남대로112길 25, 위더스빌딩 1층",37.5058709411993,127.026416297906
메머드커피,서울,마곡이너매스점,"서울특별시 강서구 마곡중앙6로 21, 이너매스마곡 1층 110호",37.560835635621,126.829618546018
메머드커피,서울,논현반포점,"서울특별시 서초구 강남대로83길 21, 1층",37.5060873878111,127.022367324008
메머드커피,서울,신방화역점,"서울특별시 강서구 마곡중앙5로 87, 우성르보아2차 1층 121호",37.5671827578116,126.817773482836
메머드커피,서울,여의도부국증권점,"서울특별시 영등포구 여의도동 국제금융로6길 17, 부국증권빌딩 지하 1층 116호",37.521837473261,126.928149976268
메머드커피,서울,선릉로켓점,"서울특별시 강남구 선릉로89길 9, 1층",37.5033690068487,127.04861624454
메머드커피,서울,당산하늘점,"서울특별시 영등포구 당산동 버드나루로 88, 인따르시아 사옥 1층 102호",37.5260672872371,126.909255877212
메머드커피,서울,KBS별관점,"서울특별시 영등포구 여의도동 여의대방로 375, 1층 105호",37.5188985287759,126.930776116511
메머드커피,서울,역삼역5번출구점,"서울특별시 강남구 테헤란로 147, 성지하이츠2차 1층 102호",37.5008485547307,127.035677012169
메머드커피,서울,대치학원가점,"서울특별시 강남구 도곡로 501, SM타워 지하1층 B102호",37.4993226407079,127.061116129725
메머드커피,서울,선정릉점,"서울특별시 강남구 삼성로 517, 채널리저브 1층 103호",37.5079854660981,127.055223583203
메머드커피,서울,한림대강남성심병원점,"서울특별시 구로구 시흥대로187길 12, 대림동현대아파트 상가 1층 104호, 105호",37.4930546699883,126.908209594464
메머드커피,서울,낙성대점,"서울특별시 강남구 남부순환로244길 14, 1층",37.4763798474391,126.96302737934
메머드커피,서울,수유시장점,"서울특별시 강북구 도봉로67길, 1층 07호(수유동, 수유시장)",37.6300117015689,127.022293956791
메머드커피,서울,광운대후문점,"서울특별시 노원구 석계로13길 23, 1층",37.6202140193665,127.061566548355
메머드커피,서울,가산SJ테크노빌점,"서울특별시 금천구 벚꽃로 278, 1층 104호(가산동, SJ테크노빌)",37.4794931161957,126.884634912937
메머드커피,서울,광운대정문점,"서울특별시 노원구 광운로 27, 1층",37.6202250373289,127.058323029084
메머드커피,서울,묵동자이점,"서울특별시 중랑구 동일로 932, 1층 111호",37.6138348860458,127.077545015528
메머드커피,서울,신내SKV1점,"서울특별시 중랑구 신내역로 111, 신내 SKV1센터 A동 지하1층 123호",37.613121773853,127.11244192431
메머드커피,서울,국민대후문점,"서울특별시 성북구 정릉로9길 26, 1층",37.6097860901379,126.99944855826
메머드커피,서울,길음역점,"서울특별시 성북구 정릉로 388, 돈암동부센트레빌 상가 1층 105호",37.6024665476727,127.025639698074
메머드커피,서울,회기역점,"서울특별시 동대문구 망우로 49-7, 1층",37.5894775878583,127.058496265771
메머드커피,서울,휴포레점,"서울특별시 동작구 시흥대로 606, 상가1층 110호(신대방동, 동작 협성휴포레 시그니처)",37.4864917793931,126.905526238207
메머드커피,서울,면목동점,"서울특별시 중랑구 겸재로 164, 1층 101호",37.5877988219951,127.085946151413
메머드커피,서울,성균관로점,"서울특별시 종로구 성균관로 19, 1층 일부",37.5843923430057,126.997331131799
메머드커피,서울,청량리역점,"서울특별시 동대문구 답십리로1길 39-5, 청량리창보리버리치1차 1층 102호",37.5794760995018,127.044959200995
메머드커피,서울,가산테라타워점,"서울특별시 금천구 디지털로10길 78, 가산테라타워 105호,106호의 일부",37.4745325914718,126.889614189767
메머드커피,서울,전농뉴타운점,"서울특별시 동대문구 전농로27길 99, 1층 전부",37.5781557795197,127.051578001527
메머드커피,서울,종로5가역점,"서울특별시 종로구 종로33길 12, 1층",37.5716149135761,127.001569714154
메머드커피,서울,답십리역점,"서울특별시 동대문구 천호대로 305, 유진빌딩 1층 101호",37.5659324524229,127.054536940859
메머드커피,서울,중곡제일시장점,"서울특별시 광진구 면목로 131, 1층 일부",37.56520628622,127.080737306091
메머드커피,서울,성동구청점,"서울특별시 성동구 고산자로 284, 성동샤르망오피스텔 1층 119호",37.5649128994423,127.036797652702
메머드커피,서울,응암대림시장점,"서울특별시 은평구 응암로 183, 1층",37.5884286356527,126.916593627583
메머드커피,서울,신당무학점,"서울특별시 중구 다산로39길 4, 유니크하임 1층 101호",37.5643204915278,127.01576273059
메머드커피,서울,광희빌딩점,"서울특별시 중구 퇴계로 307, 광희빌딩 1층 로비",37.5643034749831,127.005728381666
메머드커피,서울,퇴계로제일제당점,서울특별시 중구 마른내로 136-3 1층 1층 일부,37.564366998867,127.003267817577
메머드커피,서울,독립문영천시장점,"서울특별시 서대문구 통일로 173-1, 1층 일부",37.5691541343281,126.96312940139
메머드커피,서울,한양대학생복지관점,"서울특별시 성동구 왕십리로 222, 한양대학교 학생회관 1층 일부",37.5545036393023,127.046611216845
메머드커피,서울,남부터미널역점,"서울특별시 서초구 효령로53길 18, 1층 114호(서초동, 석탑오피스텔)",37.4855048196074,127.013969183554
메머드커피,서울,명동역3번출구점,"서울특별시 중구 퇴계로18길 8, 1층",37.5604349136745,126.985404643572
메머드커피,서울,종로인의동점,"서울특별시 종로구 창경궁로 132, 1층 일부",37.5741711141497,126.997684459473
메머드커피,서울,KT미아점,"서울특별시 강북구 솔매로50길 50, 1층",37.6242496575416,127.027657855133
메머드커피,서울,가산반도아이비밸리점,"서울특별시 금천구 가산디지털로 204, 1층 105호(가산동)",37.4785685274302,126.889181123076
메머드커피,서울,가산한화비즈메트로2차점,"서울특별시 금천구 가산동 가산디지털2로 43-14, 가산한화비즈메트로2차 1층 131호, 132호",37.4724085287804,126.881497642445
메머드커피,서울,고척스카이돔점,서울특별시 구로구 경인로 430 고척스카이돔,37.4982125677913,126.867088741096
메머드커피,서울,양재시민의숲점,"서울특별시 서초구 매헌로1길 30, 1층",37.46227169444,127.034097014229
메머드커피,서울,목2동점,"서울특별시 양천구 목둥중앙북로 73, 1층 103호(목동, 덕수프라자)",,
메머드커피,서울,구로SKV1점,"서울특별시 구로구 부광로 88, BB104호(항동, 구로 SK V1 center)",37.4771787717297,126.816803363184
메머드커피,서울,구로지플러스타워점,"서울특별시 구로구 구로동 디지털로26길 123, 지플러스타워 지하1층 B106호",37.4830823343746,126.897699487349
메머드커피,서울,시흥대교점,"서울특별시 금천구 금하로 601, 1층 101호(시흥동)",37.4539955573679,126.898123950445
메머드커피,서울,구로코오롱타워2차점,"서울특별시 구로구 디지털로30길 31, 1층 103호",37.4828775627581,126.896489758162
메머드커피,서울,시흥동점,"서울특별시 금천구 금하로 747-1, 1층 일부(시흥동, 리빙스턴하우스)",37.4502407539067,126.912870784017
메머드커피,서울,호서대벤처타워점,"서울특별시 금천구 가산디지털1로 70(가산동, 호서대벤처타워 101호)",37.4723085472631,126.886110038559
메머드커피,서울,구로KT점,"서울특별시 구로구 조원중앙로1길 19, 체나콜빌 1층 101호",37.4803202728405,126.903458115507
메머드커피,서울,구로에이스하이엔드1차점,"서울특별시 구로구 구로동 디지털로26길 5, 에이스하이엔드타워1차 1층 104호 일부",37.4816105919768,126.893479312123
메머드커피,서울,금천롯데캐슬2차점,"서울특별시 금천구 벚꽃로 30, 205동 1층 108호(독산동, 금천 롯데캐슬 골드파크 2차)",37.4582229148592,126.893710403536
메머드커피,서울,구로대륭포스트8차점,"서울특별시 구로구 구로동 디지털로26길 43, 대륭포스트타워8차 1층 111호 일부",37.4810070418126,126.89442230572
메머드커피,서울,금천롯데타워점,"서울특별시 금천구 벚꽃로 110, 지상1층 101호(독산동, 명남더블레스)",37.465030244929,126.890462487001
메머드커피,서울,가산갑을그레이트밸리점,"서울특별시 금천구 디지털로9길 32, 갑을그레이트밸리 1층 114호",37.4795130993704,126.887511773421
메머드커피,서울,독산점,"서울특별시 금천구 가산디지털1로 25, 제1층 제102호(가산동, 대륭테크노타운17차)",37.4682800341048,126.886196862202
메머드커피,서울,잔카드림타워점,"서울특별시 금천구 가산디지털2로 35, 1층 105호(가산동)",37.471447262934,126.882330730259
메머드커피,서울,아스크타워점,"서울특별시 금천구 디지털로10길 37, 아스크타워 1층 126호",37.4766451549316,126.889578522942
메머드커피,서울,가산G밸리더리브스마트타워점,"서울특별시 금천구 가산디지털2로 34, 1층 111호(가산동, 지벨리더리브스마트타워)",37.4716606034832,126.883585441951
메머드커피,서울,가산어반워크점,"서울특별시 금천구 가산동 가산디지털2로 135, 가산어반워크 1층 122호 일부",37.4800207661549,126.878015828177
메머드커피,서울,금천점,"서울특별시 금천구 시흥대로115길 13, 1층 102호, 103호(독산동)",37.4679083732211,126.896904462737
메머드커피,서울,퍼블릭가산점,"서울특별시 금천구 디지털로 178, 퍼블릭가산 1층 M-115호",37.4764394057239,126.887331650246
메머드커피,서울,노원상계3단지점,"서울특별시 노원구 동일로217가길 17, 승경빌딩 1층 105호",37.6533222020818,127.05936970723
메머드커피,서울,대륭19차점,"서울특별시 금천구 가산디지털2로 70, 1층 101호(가산동, 대륭테크노타운19차)",37.474706676466,126.882341560662
메머드커피,서울,가산SK트윈테크점,"서울특별시 금천구 가산디지털1로 119, SK트윈테크타워 1층 B동 103호",37.4760631854134,126.882925390269
메머드커피,서울,가산IT프리미어타워점,"서울특별시 금천구 가산디지털1로 88, 1층 102-2호(가산동, IT프리미어타워)",37.4738866647292,126.885456361765
메머드커피,서울,삼육대바울관점,"서울특별시 노원구 화랑로 815, 삼육대학교 바울관 B1층",37.643357369067,127.108850343184
메머드커피,서울,영등포구청역점,"서울특별시 영등포구 당산로31길 16, 1층(당산동3가)",37.5268501286044,126.895069432686
메머드커피,서울,포이점,"서울특별시 서초구 마방로10길 18-1, 1층(양재동, 남광빌딩)",37.4764453840104,127.043734871545
메머드커피,서울,서역삼로점,"서울특별시 강남구 역삼로 166, 1층",37.4950520768848,127.037244965742
메머드커피,서울,양재일동제약점,"서울특별시 서초구 바우뫼로 147, 스카이뷰빌딩 1층",37.4770438621109,127.03648760261
메머드커피,서울,역삼언주로점,"서울특별시 강남구 언주로85길 32, 2층 201호(역삼동)",37.5009283641885,127.040751330892
메머드커피,서울,고덕역점,"서울특별시 강동구 고덕로 262, 1층 119호(명일동, 고덕역 효성해링턴 타워 더퍼스트)",37.5546676606413,127.154622234195
메머드커피,서울,성신여대점,"서울특별시 성북구 보문로34길 87, 1층(동선동3가)",37.5914679441694,127.02018819146
메머드커피,서울,고대2호점,"서울특별시 성북구 개운사길 22-6, 1층(안암동5가)",37.5873467848241,127.029668484581
메머드커피,서울,서울역서부점,"서울특별시 용산구 청파로 395, 창성빌딩 1층",37.554867209569,126.968744137602
메머드커피,서울,안국역점,서울특별시 종로구 계동길 23(계동),37.578403692917,126.98654850092
메머드커피,서울,성대중문점,"서울특별시 종로구 명륜길 40-1, 1층",37.5889907537286,126.994978056998
메머드커피,서울,연대서문점,"서울특별시 서대문구 연희로10길 82, 지하1층",37.5637454965228,126.933566325834
메머드커피,서울,서울숲아이코닉점,"서울특별시 성동구 서울숲2길 32-14, 1층 103호",37.5456773286722,127.042914714267
메머드커피,서울,상암DMC점,"서울특별시 마포구 성암로13길 37, 1,2,3층(상암동)",37.5765058411281,126.897335443443
메머드커피,서울,서울시립대점,"서울특별시 동대문구 서울시립대로 160, 1층(전농동)",37.5834168787586,127.05454674953
메머드커피,서울,상일동역점,"서울특별시 강동구 고덕로 385, 1층 113호(고덕동, 고덕그라시움(제4상가))",37.5573671931016,127.168412440283
메머드커피,서울,상암IT타워점,"서울특별시 마포구 월드컵북로 434, 1층 117호(상암동, 상암 IT Tower)",37.5816223202625,126.886049581236
메머드커피,서울,고대1호점,서울특별시 성북구 인촌로22길 61(안암동5가),,
메머드커피,서울,상암중앙점,"서울특별시 마포구 월드컵북로 402, 1층 142호(상암동, 케이지아이티센터)",37.580189157859,126.888935582716
메머드커피,서울,뚝섬역5번출구점,"서울특별시 성동구 상원길 24, 1층 102호",37.5461668836334,127.049053322107
메머드커피,서울,성수엠타워점,"서울특별시 성동구 뚝섬로1길 31,1층 103호(성수동1가, 서울숲 M타워)",37.5440906795504,127.046458422099
메머드커피,서울,상암사보이시티점,"서울특별시 마포구 월드컵북로54길 17, 1층 104호(상암동, 사보이시티디엠씨)",37.581324224744,126.888548408154
메머드커피,서울,공덕오거리점,"서울특별시 마포구 새창로 13, 1층(도화동)",37.5423086317799,126.951619413908
메머드커피,서울,성수우림점,"서울특별시 성동구 광나루로6길 35, 1층 110호(성수동2가, 성수동우림 이비즈센터)",37.5467997268051,127.063296654148
메머드커피,서울,한남순천향병원점,"서울특별시 용산구 대사관로 66, 1층",37.5331739894488,127.005332726319
메머드커피,서울,세종대점,"서울특별시 광진구 광나루로 385, 1층 3호",37.5480830349992,127.072659761514
메머드커피,서울,서울숲A1점,"서울특별시 성동구 성수일로 11길 11, 1층(성수동1가)",37.5492298757544,127.050227707809
메머드커피,서울,은평구청점,"서울특별시 은평구 은평로 193-2, 1층(녹번동)",37.6021296025449,126.928910153862
메머드커피,서울,남산트라팰리스점,"서울특별시 중구 소월로2길 30, 1층 109호(남대문로5가, 남산트라팰리스)",37.5539946799726,126.975612746457
메머드커피,서울,성수성원점,"서울특별시 성동구 아차산로15길 10, 116호(성수동2가, 성원상떼뷰 오피스텔)",37.5436962428787,127.062606836404
메머드커피,서울,이대점,"서울특별시 서대문구 이화여대8길 2, 1동 제1층 101호(대현동, 무궁화상가아파트)",37.5586536023804,126.945920737962
메머드커피,서울,고덕래미안점,"서울특별시 강동구 아리수로50길 50, 1층 147,148호(고덕동, 래미안힐스테이트고덕)",37.5576864625383,127.148577708994
메머드커피,서울,현대미아점,"서울특별시 성북구 동소문로47길 12, 1층(길음동)",37.608909912369,127.029031384889
메머드커피,서울,성신여대로데오점,"서울특별시 성북구 동소문로22길 12, 1층",37.5924470347864,127.017473781956
메머드커피,서울,신촌점,"서울특별시 서대문구 연세로5길 38, 1층(창천동)",37.5561381563443,126.935271487839
메머드커피,서울,고덕자이점,"서울특별시 강동구 상일로 55, 상가동 103-1호(상일동, 고덕자이)",37.5533182082692,127.168788219773
메머드커피,서울,성수AK밸리점,"서울특별시 성동구 연무장길 76, 1층 103호(성수동2가 성수 AK 밸리)",37.5415059744829,127.057526618044
메머드커피,서울,남산트윈시티타워점,"서울특별시 용산구 한강대로 366, 지하1층 108호(동자동, 트윈시티 남산)",37.5510861198751,126.972911385084
메머드커피,서울,천호점,서울특별시 강동구 올림픽로72길 25(천호동),37.5394712147646,127.125221297245
메머드커피,서울,후암시장점,"서울특별시 용산구 후암로 48, 1층 제6호",37.5502442994284,126.977551927445
메머드커피,서울,서울숲코오롱1차점,"서울특별시 성동구 성수일로4길 25, 1층 111호(성수동2가, 서울숲코오롱디지털타워)",37.5425050119214,127.051865849456
메머드커피,서울,뚝섬역점,"서울특별시 성동구 아차산로 49, 1층 102-2호(성수동1가, 서울숲 코오롱디지털타워 III)",37.5467876194278,127.050037317792
메머드커피,서울,동대문종합시장점,"서울특별시 종로구 종로 258, 1층 2호 내제25호(종로6가, 덕성빌딩)",37.5706294173625,127.006487394713
메머드커피,서울,외대후문점,"서울특별시 동대문구 천장산로7길 16, 1층 전체(이문동)",37.5985014902704,127.056980384807
메머드커피,서울,삼성로점,"서울특별시 강남구 삼성로 549, 정화빌딩 1층 102호",37.5106008934452,127.054270559443
메머드커피,서울,상계역점,"서울특별시 노원구 한글비석로 384, 1층 125-1호(중계동, 대호프라자)",37.6598085040664,127.073239970178
메머드커피,서울,서울역점,"서울특별시 용산구 후암로 101, 1층(동자동)",37.5534034378215,126.974303672318
메머드커피,서울,창동점,"서울특별시 도봉구 마들로11가길 6-25, 105호(창동, 창동월가타워)",37.6522203633914,127.049035628214
메머드커피,서울,도봉한일병원점,"서울특별시 도봉구 도봉로 109길 58, 1층 일부(쌍문동)",37.6471800024959,127.030236734193
메머드커피,서울,과기대점,"서울특별시 노원구 공릉로 223, 도곡빌딩 1층(공릉동)",37.6290929732108,127.076784410758
메머드커피,서울,불광역점,"서울특별시 은평구 통일로 735-1, 1층(대조동)",37.6111026490195,126.929060853818
메머드커피,서울,성수낙낙점,"서울특별시 성동구 아차산로17길 48, B동 1층 R104호(성수동2가)",37.5463937599992,127.065889477465
메머드커피,서울,신내데시앙플렉스점,"서울특별시 중랑구 신내역로3길 40-36, 지하1층 알비109호(신내동, 신내데시앙플랙스)",,
메머드커피,서울,외대점,서울특별시 동대문구 휘경로5 1층,37.596364601087,127.06079002854
메머드커피,서울,성북구청점,"서울특별시 성북구 보문로32길 6, 1층",37.5891416302256,127.017024753961
메머드커피,서울,상봉동점,"서울특별시 중랑구 망우로 346, 상가동 1층 111-1호(상봉동, 한일써너스빌)",37.5974524780309,127.091369638781
메머드커피,서울,상봉역베스트원점,"서울특별시 중랑구 망우로 304, 105호(상봉동, 상봉베스트원아파트)",37.5961443260891,127.086347315587
메머드커피,서울,우림시장점,"서울특별시 중랑구 용마산로 498, 1층 101호(망우동)",37.5954693439901,127.100311220234
메머드커피,서울,경희대점,"서울특별시 동대문구 경희대로 22, 1층(회기동)",37.5934528091675,127.052862970716
메머드커피,서울,연신내역점,"서울특별시 은평구 통일로80길 1, 1층",37.6200233601127,126.920748923822
메머드커피,서울,창동이마트점,"서울특별시 도봉구 노해로65길 4, 1층(창동, 창동 EMART)",37.651636123068,127.046699282846
메머드커피,서울,잠실종합운동장점,"서울특별시 송파구 올림픽로8길 4-11, 1층 101호(잠실동, 잠실 포레디움)",37.5111851724433,127.079324519028
메머드커피,서울,시청점,"서울특별시 중구 세종대로 91, 1층(태평로2가)",37.5645596033775,126.976563357262
메머드커피,서울,충정로점,"서울특별시 서대문구 경기대로 26-22, 1층(충정로3가)",37.5615351733222,126.962689707047
메머드커피,서울,무교점,"서울특별시 중구 남대문로9길 24, 1층 107호(다동, 패스트파이브타워)",37.5671412350836,126.98113275014
메머드커피,서울,서대문구청점,"서울특별시 서대문구 연희로 239, 1층 일부",37.578527231433,126.935698717901
메머드커피,서울,삼풍을지로점,"서울특별시 중구 을지로20길 26, 1층(인현동1가)",37.5652417291623,126.995335288953
메머드커피,서울,을지로입구점,서울특별시 중구 남대문로10길 15 1층,37.5673006257964,126.983574359221
메머드커피,서울,장안현대홈타운점,"서울특별시 동대문구 장안벚꽃로 107, 제상가1동 제1층 제102호(장안동, 장안현대홈타운)",37.5710568281709,127.075113657819
메머드커피,서울,청계다동점,"서울특별시 중구 다동길 43, 1층 118,119,120호(다동, 한외빌딩)",37.5682179109709,126.981614792564
메머드커피,서울,장교빌딩점,"서울특별시 중구 삼일대로 363, 2동 1층 1호(장교동, 장교빌딩)",37.5671565387212,126.987052299704
메머드커피,서울,황학동점,"서울특별시 중구 마장로9길42, 에이트빌딩 1층",37.5703090050608,127.019667211544
메머드커피,서울,광화문오피시아점,"서울특별시 종로구 새문안로 92, 지하B201호, 지하B022호(신문로1가, 광화문오피시아빌딩)",37.5696996246023,126.974907969051
메머드커피,서울,장한평점,서울특별시 성동구 천호대로 400(용답동),37.5612964964549,127.063321479459
메머드커피,서울,동대문역점,"서울특별시 종로구 종로39길 10-1, 1층(종로6가, 칠성빌딩)",37.571728371334,127.006301279341
메머드커피,서울,을지트윈타워점,"서울특별시 중구 을지로 170, 2층 203호(을지로4가)",37.5661391831606,126.99732748195
메머드커피,서울,한양대병원점,"서울특별시 성동구 사근동길 4, 대학약국빌딩 1층",37.5599174430202,127.041596183039
메머드커피,서울,장안동점,"서울특별시 동대문구 천호대로 427-4, 1층 일부(장안동)",37.5618398833013,127.066763608282
메머드커피,서울,관철동점,"서울특별시 종로구 삼일대로 383, 1층(관철동)",37.5689039657212,126.987383994398
메머드커피,서울,수송동점,"서울특별시 종로구 율곡로4길 6, 1층(수송동)",37.5752930483944,126.982090318741
메머드커피,서울,광화문역점,"서울특별시 종로구 새문안로5길 14, 1층(당주동)",37.571447204786,126.974953567372
메머드커피,서울,종로르메이에르점,"서울특별시 종로구 종로 19, 1층 121-2호(종로1가, 르메이에르종로타운1)",37.5708444878121,126.979923668151
메머드커피,서울,내수동점,"서울특별시 종로구 새문안로3길 23, 107호(내수동, 경희궁의 아침 4단지)",37.5726308227784,126.972440824541
메머드커피,서울,종로YBM점,"서울특별시 종로구 종로 104, 종로YBM본관 1층",37.5699634381006,126.989111515848
메머드커피,서울,신당역점,"서울특별시 중구 퇴계로87길 1, 1층(황학동)",37.5657973871933,127.021071493338
메머드커피,서울,종로3가점,"서울특별시 종로구 종로 127, 1,2층 103호(종로3가)",37.5706823707911,126.991676215379
메머드커피,서울,동대문맥스타일점,"서울특별시 중구 마장로 3, 맥스타일 1층 253호 254호",37.5687984821779,127.010543979771
메머드커피,서울,종로창경궁로점,"서울특별시 종로구 창경궁로 113, 1층 (인의동)",37.5726113068636,126.997446109985
메머드커피,서울,종로구청북부점,"서울특별시 종로구 종로5길 97, 1층(수송동)",37.5741760403237,126.979077836373
메머드커피,서울,종로숭인점,"서울특별시 종로구 난계로29길 28, 1층(숭인동)",37.574281504827,127.021654609122
메머드커피,서울,익선동점,"서울특별시 종로구 삼일대로30길 28, 1층(익선동)",37.5741112664557,126.989190945493
메머드커피,서울,경희궁자이점,"서울특별시 종로구 경교장길 35, 상가동 1층 3134호(평동, 경희궁자이 3단지)",37.5688537151032,126.965114852628
메머드커피,서울,중곡보건복지행정타운점,"서울특별시 광진구 능동로 400, 1층 130호(중곡동, 보건복지행정타운)",37.5650580830652,127.08445683899
메머드커피,서울,동대문점,"서울특별시 중구 장충단로13길 43, 1층 24-1호(을지로6가)",37.5680943778524,127.006460574612
메머드커피,서울,중림한국경제점,"서울특별시 중구 청파로 461, 1층(중림동)",37.560426087132,126.967719792217
메머드커피,서울,회현역점,"서울특별시 중구 퇴계로10길 16-1, 1층(회현동1가)",37.5586529132362,126.980372182714
메머드커피,서울,강일점,"서울특별시 강동구 아리수로93길 33-9, 1층 106호(강일동, 강일프라자)",37.5657252144412,127.173190729553
메머드커피,서울,아차산역점,"서울특별시 광진구 천호대로129길 7, 1층 (오른쪽 부분)(중곡동)",37.5526086759589,127.090029490891
메머드커피,서울,퍼시픽타워점,"서울특별시 중구 세종대로9길 41, 1층(서소문동, 올리브타워)",37.5613582316301,126.97299628821
메머드커피,서울,남산점,서울특별시 중구 소공로 46 B01호(1층),37.5594079371846,126.983218671611
메머드커피,서울,서대문역점,"서울특별시 서대문구 충정로6길 59, 1층 A-5호(미근동, 서소문아파트)",37.5627833731124,126.968082097248
메머드커피,서울,북창동점,"서울특별시 중구 남대문로1길 14, 1층(북창동)",37.561636794933,126.977615966668
메머드커피,서울,명동점,"서울특별시 중구 명동9길 13, 1층(명동1가)",37.5644068781235,126.984779529696
메머드커피,서울,청량리삼성화재점,"서울특별시 동대문구 고산자로34길 70,1층 105호(용두동, 청량리역 해링턴플레이스)",37.5782923121696,127.042196782039
메머드커피,서울,정동점,"서울특별시 중구 정동길 6, 1층(정동)",37.5677923010394,126.969522705678
메머드커피,서울,필동점,"서울특별시 중구 필동로 25, 1층",37.5593304171107,126.996376000997
메머드커피,서울,제기동역점,서울특별시 동대문구 용두동 104-2 훈민타워 Ⅲ 1층,37.5779255223391,127.033146778281
메머드커피,서울,서소문점,"서울특별시 중구 서소문로11길 14, 1층(서소문동)",37.5635243309614,126.973055494737
메머드커피,서울,충무로역점,"서울특별시 중구 퇴계로 192, 1층 103호(필동1가, 거봉빌딩)",37.5607728589646,126.993128416831
메머드커피,서울,면목시장점,"서울특별시 중랑구 면목로33길 38, 1층(면목동)",37.5766875848208,127.083699948441
메머드커피,서울,서대문충정빌딩점,"서울특별시 서대문구 통일로 135, 충정빌딩 1층",37.5664280652901,126.965458383486
메머드커피,서울,도봉구청점,"서울특별시 도봉구 마들로 650,111-1호(방학동, 도봉월드상가)",37.6487156,127.0540615
메머드커피,서울,구로공구상가점,"서울특별시 구로구 구로중앙로 211, 1층 제101,102호(구로동)",37.504774090412,126.877373550871
메머드커피,서울,소공동점,"서울특별시 중구 남대문로7길 13(소공동, 지상1층)",37.5637970037608,126.981107108041
메머드커피,서울,신설동역점,"서울특별시 동대문구 왕산로 17, 1층 일부",37.5765601872946,127.025387194962
메머드커피,서울,충무로점,서울특별시 중구 수표로 22 아세아빌딩 1층(충무로3가),37.5631316651901,126.9904880473
메머드커피,서울,덕수궁롯데캐슬점,"서울특별시 중구 서소문로9길 28, 지1층 B101호(순화동, 덕수궁롯데캐슬)",37.5637084894676,126.970042986983
메머드커피,서울,경복궁역점,"서울특별시 종로구 사직로 130, 지하1층 60호, 65호(적선동, 적선현대빌딩)",37.5753675264983,126.973321784452
메머드커피,서울,강동U1센터점,"서울특별시 강동구 고덕비즈밸리로 26, 강동U1센터 1층 B-120호",37.5652057425559,127.160472742415
메머드커피,서울,명지대점,"서울특별시 서대문구 거북골로 34, MCC동 코이노이아홀 지하2층(남가좌동, 명지대학교)",37.5803770223812,126.921348530876
메머드커피,서울,불광혁신파크점,"서울특별시 은평구 통일로 699, 1층 1호(녹번동)",37.608381192552,126.931468829573
메머드커피,서울,홍대경의선숲길점,"서울특별시 마포구 신촌로4길 22-22, 1층(동교동)",37.5574883214927,126.927259013569
메머드커피,서울,광나루역점,"서울특별시 광진구 천호대로 808, 광장12차현대홈타운 1202동 지하1층 105호",37.545073523534,127.102739572749
메머드커피,서울,서일대점,"서울특별시 중랑구 용마산로90길 9, 1층 일부",37.5878487483093,127.096648439327
메머드커피,서울,자양시장점,"서울특별시 광진구 자양로15길 6, 1층(자양동)",37.5360573915618,127.083179085124
메머드커피,서울,에이스타워마곡점,"서울특별시 강서구 공항대로 237, 1층 119호(마곡동, 에이스타워 마곡)",37.5594526887597,126.833912548403
메머드커피,서울,목동1단지점,"서울특별시 양천구 목동서로 38, 상가비동 1층 101(5)호(목동, 목동신시가지아파트1단지)",37.5412913406969,126.87850378726
메머드커피,서울,역삼FnF점,"서울특별시 강남구 테헤란로39길 55, 1층",37.505986124219,127.04006214248
메머드커피,서울,여의도KBS본관점,"서울특별시 영등포구 의사당대로 38, 102동 1층 125호(여의도동, 여의도더샵아일랜드파크)",37.5261081409048,126.918710469805
메머드커피,서울,선릉역점,"서울특별시 강남구 테헤란로64길 9, 지하1층 101호(대치동, 선릉역대우아이빌)",37.5044954460598,127.051585189734
메머드커피,서울,여의도스카우트빌딩점,"서울특별시 영등포구 국회대로62길 14, 1층 102호(여의도동, 한국보이스카우트연맹회관)",37.5267038556636,126.916475621178
메머드커피,서울,여의도IFC몰점,"서울특별시 영등포구 국제금융로 10, B2층 일부호(여의도동,서울 국제금융 센터) 무빙워크",37.5251775245928,126.924876706923
메머드커피,서울,우장산롯데캐슬점,"서울특별시 강서구 공항대로 382, 제상가동 제1층 제106호(화곡동, 우장산롯데캐슬아파트)",37.5563945811198,126.849546722022
메머드커피,서울,포스코사거리점,"서울특별시 강남구 테헤란로84길 16, 지상1층(대치동)",37.5061434774637,127.058537946011
메머드커피,서울,삼성도심공항점,"서울특별시 강남구 테헤란로87길 17, 지상1층 105-1호(삼성동 마젤란 21 아스테리움)",37.5087436940538,127.058342385872
메머드커피,서울,논현역점,"서울특별시 강남구 학동로2길 6, 1층 104호(논현동)",37.5109337401568,127.022220601093
메머드커피,서울,잠원논현역점,"서울특별시 서초구 신반포로47길 9-21, 101호(잠원동, 원진빌딩)",37.5109670850578,127.019084403266
메머드커피,서울,당산이레빌딩점,"서울특별시 영등포구 선유동2로 57, 1층(양평동4가, 이레빌딩)",37.5338259242698,126.896882129276
메머드커피,서울,서울강서경찰서점,"서울특별시 강서구 화곡로 318, 1층",37.552210617184,126.850323319971
메머드커피,서울,선릉대치점,"서울특별시 강남구 선릉로90길 56, 지상1층 102호(대치동, 대치동 대우아이빌명문가)",37.5050311726932,127.053831329394
메머드커피,서울,삼성역현대백화점사옥점,"서울특별시 강남구 영동대로85길 20, 지상1층 102호(대치동)",37.5070283754714,127.061683727526
메머드커피,서울,선유도ISBIZ1차점,"서울특별시 영등포구 양평로21길 26, 1층 101호(양평동5가, 선유도역1차아이에스비즈타워)",37.5362922285546,126.891841433535
메머드커피,서울,마곡나루점,"서울특별시 강서구 마곡중앙5로1길 20, 1층 111호(마곡동, 마곡나루역보타닉비즈타워)",37.5686664592954,126.826712019131
메머드커피,서울,논현아이파크점,"서울특별시 강남구 언주로 615, 103동 지하1층 B122호(논현동, 논현아이파크)",37.5106397134921,127.036186123171
메머드커피,서울,파크원타워1점,서울특별시 영등포구 여의대로 108 여의도파크원타워 타워1 2층,37.5251913154781,126.929112756574
메머드커피,서울,선정릉역1번출구점,"서울특별시 강남구 봉은사로51길 5, 1층 A03호",37.5103971610683,127.042670445965
메머드커피,서울,마곡두산더랜드타워점,"서울특별시 강서구 마곡서로 152, 에이동 105호(마곡동, 두산더랜드타워)",37.5676859104888,126.82597944995
메머드커피,서울,잠실트리지움점,"서울특별시 송파구 석촌호수로 61, 1층 146호(잠실동, 트리지움)",37.5106960472158,127.086224807954
메머드커피,서울,마곡호서대점,"서울특별시 강서구 강서로56가길 53, 1층",37.5619273819344,126.840192675211
메머드커피,서울,여의도점,"서울특별시 영등포구 국회대로 70길 22, 104(여의도동)",37.5293121614052,126.92025013834
메머드커피,서울,당산삼성타운점,"서울특별시 영등포구 당산로44길 3, 삼성타운 1층 111호 전면부",37.5319143458605,126.901077532801
메머드커피,서울,양평동3가점,"서울특별시 영등포구 선유로40길 12, 1층(양평동3가)",37.5302088676971,126.894245855389
메머드커피,서울,몽촌토성역점,"서울특별시 송파구 위례성대로2길 8, 1층 109,110호(방이동, 새천년잠실헤리츠오피스텔)",37.5163887038743,127.113198259566
메머드커피,서울,자곡동점,"서울특별시 강남구 자곡로 180, 1층 103-1호(자곡동, 강남유탑유블레스)",37.4737132093812,127.103418806316
메머드커피,서울,동국대점,"서울특별시 중구 서애로1길 18-1, 1,2,3층(필동3가)",37.560831799902,126.99902550726
메머드커피,서울,등촌역점,"서울특별시 양천구 목동중앙북로7가길 4, 1층 4호(목동, 정목빌딩2)",37.5485683216454,126.867104848443
메머드커피,서울,마포구청점,"서울특별시 마포구 월드컵로34길 13, 1동 104-2호(성산동, 상암 월드시티)",37.5654463222229,126.903548142922
메머드커피,서울,여의도증권가점,"서울특별시 영등포구 국제금융로2길 36, 1층(여의도동, 유화증권빌딩)",37.5236263907411,126.923800744264
메머드커피,서울,여의도라이프점,"서울특별시 영등포구 63로 40, 지하1층 22,23호(여의도동)",37.5196351977246,126.939136417577
메머드커피,서울,한강성심병원점,"서울특별시 영등포구 버드나루로7길 3, 1층 104호(영등포동2가, 경동미르웰 여의도)",37.5229759681115,126.910342559913
메머드커피,서울,양천구청이스타빌점,"서울특별시 양천구 목동서로 377, A동 1층 103호(신정동, 이스타빌3차)",37.5161146511839,126.862314247228
메머드커피,서울,역삼역점,"서울특별시 강남구 테헤란로27길 8, 1층(역삼동, 다온빌딩)",37.5019628310304,127.038260689872
메머드커피,서울,이수역점,"서울특별시 서초구 서초대로 12, 101동 104호(방배동, 세양아르비채)",37.4851006838562,126.983662134725
메머드커피,서울,마곡류마타워점,"서울특별시 강서구 공항대로 164, 1층 119호(마곡동, 류마타워)",37.5593259702511,126.825514827621
메머드커피,서울,역삼역한라빌딩점,"서울특별시 강남구 테헤란로25길 30, 1층",37.502551196424,127.0353406907
메머드커피,서울,샛강역점,"서울특별시 영등포구 의사당대로1길 11, 1층 107호(여의도동, 메종리브르오피스텔)",37.5192120330535,126.928582231249
메머드커피,서울,여의도역점,"서울특별시 영등포구 의사당대로 108, 상가동 1층 118호(여의도동, 아일렉스)",37.5210144173791,126.923991634451
메머드커피,서울,서초효령로점,"서울특별시 서초구 명달로 58, 1층 102호(서초동)",37.4825306878643,127.004801571654
메머드커피,서울,마곡보타닉파크타워2차점,"서울특별시 강서구 공항대로 213, 1층 107호(마곡동, 보타닉파크타워2)",37.5596993751147,126.831365571556
메머드커피,서울,양재산기협점,"서울특별시 서초구 바우뫼로37길 36, 1층(양재동)",37.4803496043498,127.038937071877
메머드커피,서울,제일KCC점,"서울특별시 서초구 주흥길 3, 104호(반포동, 시범빌딩)",37.5037558735508,127.020793020651
메머드커피,서울,문정테라타워점,"서울특별시 송파구 송파대로 167, A동 G155호(문정동, 문정역테라타워)",37.4846614982049,127.120933640924
메머드커피,서울,보라매자이점,"서울특별시 동작구 여의대방로22길 121, 1층 1221호(신대방동, 보라매자이 더 포레스트)",37.4983519180861,126.925286048904
메머드커피,서울,포스코센터점,"서울특별시 강남구 삼성로85길 11, 생활편익시설동 지하1층 B11호(대치동, 롯데캐슬아파트)",37.5045993053356,127.056186481052
메머드커피,서울,마곡그랑트윈타워점,"서울특별시 강서구 마곡중앙4로 18, 1층 105호(마곡동)",37.5585262889813,126.828619803537
메머드커피,서울,양천향교역점,"서울특별시 강서구 강서로 455, 101동 1층 117호(마곡동, 마곡경동미르웰)",37.5663256610483,126.840177846557
메머드커피,서울,신도림점,"서울특별시 구로구 경인로 661, 123호(신도림동, 신도림1차푸르지오)",37.5096619486431,126.887986372819
메머드커피,서울,영등포한양아이클래스점,"서울특별시 영등포구 영신로 228-6, 영등포한양아이클래스 1층 107호",37.5273594708584,126.904083326042
메머드커피,서울,보라매역부광약품점,"서울특별시 동작구 상도로 13, 1층",37.5000850685654,126.922040795712
메머드커피,서울,서초쌍용플래티넘점,"서울특별시 서초구 서초중앙로 18, 113호(서초동, 서초쌍용플래티넘)",37.4840476212544,127.017348668302
메머드커피,서울,개화산역점,"서울특별시 강서구 양천로 19, 1층 101호(방화동, 라테라스)",37.5728161264221,126.806007387736
메머드커피,서울,송파에코점,"서울특별시 송파구 정의로7길 13, 1층 135호(문정동, 힐스테이트에코송파)",37.4852878303815,127.115119595215
메머드커피,서울,당산중앙점,"서울특별시 영등포구 당산로 175, 상가동 1층 104호(당산동4가. 당산동 삼익플라주아파트)",37.5302277100278,126.898258847286
메머드커피,서울,문정역점,"서울특별시 송파구 법원로 114, E동 지1층 E-B169호(문정동, 엠스테이트)",37.4860552797801,127.12100938212
메머드커피,서울,휘문고교점,"서울특별시 강남구 역삼로 538, 지상1층 104호(대치동, 블루스카이보습학원)",37.5039370254389,127.061858631025
메머드커피,서울,양재동점,"서울특별시 서초구 남부순환로356길 26, 1층 102호(양재동)",37.4837229564462,127.037905407615
메머드커피,서울,여의도미원빌딩점,"서울특별시 영등포구 국제금융로 70, 1층 114호(여의도동, 미원빌딩)",37.5214946207638,126.930677790628
메머드커피,서울,선릉성원빌딩앞점,"서울특별시 강남구 선릉로94길 3, 1층(삼성동)",37.5058764352011,127.048784803848
메머드커피,서울,영등포리마크빌점,"서울특별시 영등포구 영중로 109, 1층(영등포동8가)",37.5260704645785,126.905270115037
메머드커피,서울,문정점,"서울특별시 송파구 법원로11길 11, A동 1층 103호(문정동, 문정현대지식산업센터1-1)",37.4846302643031,127.118322322397
메머드커피,서울,잠실리센츠점,"서울특별시 송파구 올림픽로 145, 상가동 1층 1에이91호(잠실동, 리센츠)",37.5119804600106,127.087041904838
메머드커피,서울,봉은사로선정릉점,"서울특별시 강남구 봉은사로 438, 지상1층(삼성동, 몽베르빌딩)",37.5112011272258,127.047844169183
메머드커피,서울,여의도공원점,"서울특별시 영등포구 은행로 60-1, 1층 111호",37.5301951732171,126.925255768771
메머드커피,서울,용산푸르지오써밋점,"서울특별시 용산구 한강대로 69, 상가동 1층 104-2호(한강로2가, 용산푸르지오써밋)",37.5270404595814,126.964892234354
메머드커피,서울,세종대로점,"서울특별시 중구 세종대로 23, 1층(남대문로5가, 창화빌딩)",37.5590909738298,126.973844589811
메머드커피,서울,잠실나루역점,"서울특별시 송파구 올림픽로37길 130 A상가동 1층 162호(신천동, 파크리오)",37.5208819816451,127.104421421949
메머드커피,서울,선유도코오롱타워점,"서울특별시 영등포구 양평로22길 21, 1층 A107호(양평동5가, 선유도 코오롱디지털타워)",37.5398071417051,126.894657064548
메머드커피,서울,용산원효점,"서울특별시 용산구 원효로 139-1, 1층",37.5342944361155,126.958543639312
메머드커피,서울,마포도화점,"서울특별시 마포구 마포대로4길 18, 1층",37.5387071867261,126.946671287775
메머드커피,서울,청담점,"서울특별시 강남구 압구정로79길 38, 데오빌로 1층",37.525270096053,127.05027069246
메머드커피,서울,둔촌동점,"서울특별시 강동구 양재대로102가길, 7 1층(둔촌동)",37.5318807624007,127.140724870438
메머드커피,서울,압구정역점,"서울특별시 강남구 압구정로30길 12, 지상1층(신사동)",37.5267021492241,127.029081289706
메머드커피,서울,강동구청점,"서울특별시 강동구 성내로3가길 27, 1층 101호(성내동, 성내 퍼스트초이스)",37.530406306478,127.124316444089
메머드커피,서울,용산구청점,"서울특별시 용산구 녹사평대로32길 51, 지1층(이태원동)",37.5325674731664,126.990868343004
메머드커피,서울,상수역점,"서울특별시 마포구 와우산로 39, 1층",37.5480643849384,126.922797700736
메머드커피,서울,메세나폴리스점,"서울특별시 마포구 양화로 45, 몰동 지1층 B181호(서교동, 메세나폴리스)",37.5515008030203,126.91395024016
메머드커피,서울,마포트라팰리스점,"서울특별시 마포구 마포대로 53, 1층 120호(도화동, 마포트라팰리스)",37.5414321628548,126.947054064308
메머드커피,서울,마포용강점,"서울특별시 마포구 토정로31길 49, 1층",37.5429587952279,126.943696823294
메머드커피,서울,합정역해링턴타워점,"서울특별시 마포구 양화로 72, 1층 123호(서교동, 서교동 효성 해링턴 타워)",37.5508138163956,126.916493990351
메머드커피,서울,장미상가점,"서울특별시 송파구 올림픽로35길 124, 에이상가 2동 1층 102호(신천동, 장미아파트)",37.5173394829102,127.10071613049
메머드커피,서울,서울역이프라자점,"서울특별시 중구 세종대로4길 25, B1층 2호(남대문로5가)",37.557803046978,126.975326073153
메머드커피,서울,강동역점,"서울특별시 강동구 천호대로 1089, 지하1층 B31호(천호동, 강동 헤르셔)",37.5366048791746,127.133115595362
메머드커피,서울,남영역점,"서울특별시 용산구 한강대로 259, 1층 108호(갈월동, 고려에이트리움)",37.5415842490492,126.972412765985
메머드커피,서울,용산더프라임점,"서울특별시 용산구 원효로90길 12, 1층(원효로1가)",37.5397266704437,126.969532661819
메머드커피,서울,홍대정문점,"서울특별시 마포구 와우산로18길 38, 1층",37.5519235095685,126.923999638494
메머드커피,서울,공덕효성점,"서울특별시 마포구 마포대로 115-12, 공덕삼성아파트 상가동 1층 103, 104호(공덕동)",37.5456898892221,126.951150675917
메머드커피,서울,망원역점,"서울특별시 마포구 동교로9길 37, 1층(망원동)",37.5554478129638,126.909621349144
메머드커피,서울,소담길점,"서울특별시 마포구 마포대로8길 9, 1층 106호(공덕동, 영명빌딩)",37.5466236344247,126.953940479241
메머드커피,서울,공덕동점,"서울특별시 마포구 마포대로 143, 1층 109호(공덕동, 마포공덕파크팰리스 II)",37.5474542024771,126.953094314075
메머드커피,서울,서강대점,"서울특별시 마포구 백범로 35, 서강대학교 동문회관 1층 1호",37.5514649610226,126.942979960696
메머드커피,서울,가양양천초점,"서울특별시 강서구 양천로 49길 39, 1층 1호(가양동)",37.5704181731949,126.840521141275
메머드커피,서울,증미한화점,"서울특별시 강서구 양천로 551-24, 102호(가양동, 한화비즈메트로2차)",37.5588704565214,126.861958550884
메머드커피,서울,신용산점,"서울특별시 용산구 새창로 217, 1층 제121, 122, 123, 127, 131호(한강로2가, 용산토투밸리)",37.5302166820111,126.967776259525
메머드커피,서울,신사동점,"서울특별시 강남구 강남대로156길 8, 1층 103호(신사동)",37.5180361593217,127.019766601169
메머드커피,서울,방이2호점,"서울특별시 송파구 오금로13길 3-11, 한길빌딩 1층 104호",37.5132297767223,127.108110685676
메머드커피,서울,잠실엘스점,"서울특별시 송파구 올림픽로 119, 잠실파인애플상가 1층 40호",37.5120843432468,127.084186279267
메머드커피,서울,염창역점,"서울특별시 강서구 공항대로 637, 상가동 1층 101호(염창동, 염창현대아이파크아파트)",37.5475712417486,126.875932640151
메머드커피,서울,학동점,"서울특별시 강남구 언주로 125길 8, 지상1층 104호",37.5131181288094,127.034606389548
메머드커피,서울,방이점,"서울특별시 송파구 올림픽로30길 9, 1층 108호(방이동, 엘루이시티)",37.5149510447827,127.108219041552
메머드커피,서울,잠실지하상가점,"서울특별시 송파구 송파대로 567, B동 15호(잠실동, 잠실역지하도상가)",37.5131381759342,127.09304868009
메머드커피,서울,학동역사거리점,"서울특별시 강남구 논현로131길 12, B1층",37.5144764016439,127.029237615847
메머드커피,서울,루터회관점,"서울특별시 송파구 올림픽로35다길 42, 1층 101호(신천동, 루터회관)",37.5152535228382,127.103068896795
메머드커피,서울,강서IT밸리점,"서울특별시 강서구 화곡로68길 82,1층 111호(등촌동, 강서아이티밸리)",37.5575393170801,126.858301786025
메머드커피,서울,증미역NH서울타워점,"서울특별시 강서구 양천로 570, 1층 114호(등촌동, NH서울축산농협NH서울타워)",37.5566342630168,126.862027072667
메머드커피,서울,한강자이타워점,"서울특별시 강서구 양천로 401, A동 1층 116호(가양동, 강서한강자이타워)",37.5657034766638,126.847638315393
메머드커피,서울,가양스카이밸리점,"서울특별시 강서구 화곡로 416, 1층 138호(등촌동, 가양역 더스카이밸리5차 지식산업센터)",37.5600240146894,126.855419700734
메머드커피,서울,동평화점,"서울특별시 중구 마장로 1길 28-13, 2동 12호(신당동)",37.569192892231,127.012827274623
메머드커피,서울,우림블루나인점,"서울특별시 강서구 양천로 583, 1층 112호(염창동, 우림블루나인비즈니스센터)",37.5571161918617,126.864347419732
메머드커피,서울,강남구청점,"서울특별시 강남구 선릉로129길 11, 101호(논현동)",37.5161342955651,127.040651461041
메머드커피,서울,이태원동점,"서울특별시 용산구 보광로59길 9, 1층(이태원동)",37.5338671584549,126.993451413927
메머드커피,서울,성내점,"서울특별시 강동구 풍성로 95, 1층 101호(성내동)",37.5327202397365,127.123042040985
메머드커피,서울,봉은사역점,"서울특별시 강남구 영동대로112길 9, 지상1층 3호(삼성동)",37.5151959131335,127.060943454087
메머드커피,서울,신사점,"서울특별시 강남구 도산대로8길 5, 1층(논현동)",37.5166420609878,127.022167432906
메머드커피,경기,오리역하나EZ타워점,"경기도 성남시 분당구 성남대로43번길 10, 하나EZ타워 1층 110호",37.3400279256648,127.10781452584
메머드커피,경기,내대지마을점,"경기도 용인시 수지구 현암로 153, 건영타운 1층 105호",37.3319519450358,127.126425968911
메머드커피,경기,수원SKV1점,"경기도 수원시권선구 평동로79번길 45, 수원SKV1 125호",37.2598766368604,126.992777412725
메머드커피,경기,수원이노플렉스점,"경기도 수원시 영통구 신원로 304, 이노플렉스 3동 1층 104호 일부",37.262200880578,127.060999760371
메머드커피,경기,안산선부점,"경기도 안산시 단원구 선부광장1로 66, 용현빌딩 1층 106호, 122호",37.3361191422159,126.811618755208
메머드커피,경기,명학아너비즈타워점,"경기도 안양시 만안구 전파로44번길 57, 아너비즈타워 1층 108호",37.3879456294227,126.938569233045
메머드커피,경기,수원콤비프라자점,"경기도 수원시팔달구 효원로 288, 1층 106호",37.2608579881154,127.033039114857
메머드커피,경기,수원시청역4번출구점,"경기도 수원시권선구 효원로266번길 25 , 1층일부",37.2605350352866,127.030420805497
메머드커피,경기,경기광주역동점,"경기도 광주시 장지1길 28, 대광프라자 1층 103호",37.3961739090934,127.245155372892
메머드커피,경기,광교에이스1차점,"경기도 수원시 영통구 대학4로 17, 에이스광교타워 1층 114호",37.3001652897815,127.046710624716
메머드커피,경기,정자역점,"경기도 성남시 분당구 성남대로331번길 8, 킨스타워 1층 104호",37.365948063663,127.106632297825
메머드커피,경기,경기도청점,"경기도 수원시 영통구 도청로66번길 6, 힐스테이트광교중앙역퍼스트 1층 143호",37.2892170573398,127.051275350203
메머드커피,경기,정자한솔마을점,"경기도 성남시 분당구 내정로 58, 스포라이프 스포츠센터 1층 119호",37.3653233863252,127.115180243325
메머드커피,경기,시흥시청점,"경기도 시흥시 새재로17번길 6, 해솔프라자 1층 101호",37.3813357957847,126.802125286261
메머드커피,경기,안산트리플렉스점,"경기도 안산시 단원구 풍전로 37-9, 트리플렉스에이단지 301동 1층 138호",37.3253239521613,126.788661803578
메머드커피,경기,안양WE19점,"경기도 안양시 동안구 엘에스로91번길 19, WE19 1층 102호",37.3698669956666,126.950413233927
메머드커피,경기,금정역점,"경기도 군포시 금정동 689-28, 1층",37.3704097428623,126.945042809996
메머드커피,경기,안산삼성점,"경기도 안산시 단원구 광덕대로 263, 브레스빌 1층 107호",37.3200823223665,126.829880691274
메머드커피,경기,광교SK뷰레이크점,"경기도 수원시 영통구 법조로 25, 광교SK뷰레이크 1층 143호",37.2874808899042,127.060178440172
메머드커피,경기,인계동삼성생명점,"경기도 수원시팔달구 장다리로 311, 1층 좌측호실",37.2760451421187,127.031002653474
메머드커피,경기,용인백현마을점,"경기도 용인시 기흥구 동백중앙로 358-12, 유타운 1층 103호 일부",37.2819813412861,127.160222051106
메머드커피,경기,덕은리버워크점,"경기도 고양시 덕양구 청초로 66, 덕은리버워크지식산업센터 1층 101호",37.5780164503878,126.862525363288
메머드커피,경기,삼성SDI기흥본사점,"경기도 용인시기흥구 공세로 150-20, 삼성SDI E3동 1층",37.2372827143013,127.11077663159
메머드커피,경기,부천대우테크노파크점,"경기도 부천시 원미구 도약로 261, 부천대우테크노파크 1층 105-1호",37.5116693937907,126.778001200141
메머드커피,경기,성남신동아파라디움점,"경기도 성남시수정구 공원로 322, 신동아파라디움 1층 112호",37.4433301037792,127.15166818916
메머드커피,경기,부천가톨릭대학교,"경기도 부천시 원미구 지봉로 43, 가톨릭대학교 김수환관 1층",37.4874849962478,126.79856716311
메머드커피,경기,SKn테크노파크테크동점,"경기도 성남시중원구 사기막골로 124, SKn테크노파크 테크동 지하2층 B207호",37.4405625538568,127.177483892075
메머드커피,경기,상대원센트럴2차점,"경기도 성남시중원구 사기막골로 99, 성남센트럴비즈타워2차 지하 2층 B218호",37.4386569422924,127.174129592349
메머드커피,경기,성남우림라이온스밸리2차점,"경기도 성남시중원구 사기막골로45번길 14, 성남우림라이온스밸리2차 지하3층 B308호 일부",37.4367182318836,127.169855162778
메머드커피,경기,성남크란츠테크노점,"경기도 성남시중원구 둔촌대로 388, 크란츠테크노 1층 115-3호",37.4326323289144,127.159291940243
메머드커피,경기,과천중앙공원점,"경기도 과천시 별양상가1로 35, 상아빌딩 1층 107호",37.4285447090875,126.993565107497
메머드커피,경기,소사역점,"경기도 부천시 소사구 경인옛로 37, 힐스테이트소사역 1층 129호",37.4816616139654,126.795997639138
메머드커피,경기,성남금강펜테리움IT타워점,"경기도 성남시중원구 갈마치로 215, 금강펜테리움IT타워 지하1층 제120-1호, 제120-2호",37.4334205117616,127.173457377945
메머드커피,경기,상동역4번출구점,"경기도 부천시 원미구 길주로 86, 해피플러스 1층 106호",37.5052490026753,126.75195015677
메머드커피,경기,광명테크노파크점,"경기도 광명시 하안로 60, 광명SK테크노파크 C동 1층 105호",37.4447447627685,126.894026227665
메머드커피,경기,상대원중일3차점,"경기도 성남시중원구 둔촌대로 519, 중일아인스프라츠3차 1층 105호",37.4316125794035,127.174528611807
메머드커피,경기,성남시콕스타워점,"경기도 성남시중원구 둔촌대로 484, 시콕스타워 B108호 일부",37.4312750742185,127.170630149639
메머드커피,경기,과천펜타원점,"경기도 과천시 과천대로12길 117, 1동 1층 101호",37.4154637384099,126.990954875075
메머드커피,경기,학운리산단점,"경기도 김포시 양촌읍 황금로 265, 1층 일부",37.6122813080313,126.60565513859
메머드커피,경기,과천크리에이션타워점,"경기도 과천시 갈현동 과천대로7길 46, 과천크리에이션 1층 110호",37.4151870059678,126.977308988364
메머드커피,경기,과천센텀스퀘어점,"경기도 과천시 갈현동 과천대로7길 20, 과천센텀스퀘어A동 1층 101호",37.4141598122611,126.979090684295
메머드커피,경기,시흥대야점,"경기도 시흥시 호현로 147, 1층 108호",37.4525677466695,126.788919817476
메머드커피,경기,광명U타워점,"경기도 광명시 신기로 22, 테이크호텔 1층 175-1호",37.4191354510642,126.883218314381
메머드커피,경기,안양메가밸리점,"경기도 안양시 동안구 학의로 268, 안양메가밸리 1층 S104호",37.4015096884769,126.967588741903
메머드커피,경기,안양금강펜테리움IT타워점,"경기도 안양시 동안구 관양동 810, 금강펜테리움 IT 타워 1층 117호",37.4008750641429,126.969141382248
메머드커피,경기,평촌아크로타워점,"경기도 안양시 동안구 시민대로 230, 아크로타워 2층 217호",37.3923133697778,126.956516194105
메머드커피,경기,분당지웰푸르지오점,"경기도 성남시 분당구 수내로 39, 분당지웰푸르지오 1층 120-1호",37.3817905431019,127.117264032306
메머드커피,경기,범계에이스하이테크시티점,"경기도 안양시 동안구 시민대로109번길 29, 에이스하이테크시티범계 105-1호",37.3872488871247,126.943485549406
메머드커피,경기,수내2호점,"경기도 성남시 분당구 황새울로258번길 32, 코리아나빌딩 1층 115호",37.3794326283006,127.116102599569
메머드커피,경기,광교중앙점,"경기도 수원시 영통구 센트럴타운로 111, 1층 101호(이의동, 광교스타힐스 오피스텔)",37.2925440566621,127.049135270702
메머드커피,경기,약대오거리점,"경기도 부천시 원미구 수도로 86, SB타워 1층 104호",37.5149614925126,126.775720612892
메머드커피,경기,김포시청점,"경기도 김포시 사우동 사우중로 45, 김포코아센타 1층 106호",37.6192302071042,126.718503460762
메머드커피,경기,덕은지엘메트로시티점,"경기도 고양시 덕양구 청초로10, 지엘메트로시티한강 디동 1층 113호",37.5806918861663,126.857159654453
메머드커피,경기,빛마루방송지원센터점,"경기도 고양시 일산동구 태극로 60, 1층 로비",37.6605602559107,126.75531583396
메머드커피,경기,삼성전자TheUniverSE점,"경기도 용인시기흥구 서천동로 59, 삼성전자 TheUniverSE 지하 1층, 지상 2층",37.2345850875194,127.078376237278
메머드커피,경기,동탄원희캐슬점,"경기도 화성시 삼성1로5길 6, 동탄원희캐슬 1층 102호",37.2253732487128,127.072699101388
메머드커피,경기,동탄실리콘앨리점,"경기도 화성시동탄영천로 150, 현대실리콘앨리동탄 지하1층 SB동 B130호",37.2160652110584,127.101630829182
메머드커피,경기,동탄퍼스트코리아점,"경기도 화성시동탄첨단산업1로 58, 퍼스트코리아 1층 124호",37.213952897391,127.092021148048
메머드커피,경기,동탄더큐브온에어점,"경기도 화성시 동탄대로23안길 31, 동탄더큐브온에어 1층 117호",37.2140230524373,127.098779335671
메머드커피,경기,동탄루체스타비즈점,"경기도 화성시 동탄기흥로 594-7, 동탄루체스타비즈 1층 108호, 109호",37.2134878287424,127.094697510175
메머드커피,경기,이천마장점,"경기도 이천시 마장면 중앙로10번길 12, 1층",37.2516566797703,127.35555396212
메머드커피,경기,동탄역디에트르점,"경기도 화성시동탄오산로 29, 동탄역디에트르더플레이스마당 1층 126호",37.1993103412943,127.090189650458
메머드커피,경기,동탄카림점,"경기도 화성시 동탄대로시범길 134, 카림애비뉴 1층 1055호",37.1990328379764,127.113063831502
메머드커피,경기,세교더퍼스트타워점,"경기도 오산시 독산성로 425, 더퍼스트타워세교 1층 113호",37.1887490587893,127.041451306225
메머드커피,경기,동탄프리미엄아울렛점,"경기도 화성시 동탄기흥로 257번가길 24-3, 1층",37.1812111030674,127.091669816314
메머드커피,경기,이천하이닉스후문점,"경기도 이천시 부발읍 대산로288번길 96, A동 1층 104호",37.250465531186,127.474897672616
메머드커피,경기,동탄방교점,"경기도 화성시 동탄기흥로 31, 1층 111호",37.1638390615104,127.086948220779
메머드커피,경기,수원테크트리영통점,"경기도 수원시 영통구 신원로 55, 테크트리영통 1층 125호",37.2487505616809,127.047853564414
메머드커피,경기,안성아양점,"경기도 안성시 옥산동 598, 해천프라자 1동 1층 105호",37.0078400025632,127.25836948456
메머드커피,경기,용현산단점,"경기도 의정부시 산단로76번길 115, 제1층 제103호",37.7435274290341,127.084476208763
메머드커피,경기,의정부더리브센텀점,"경기도 안성시 배꽃길 105, 의정부더리브센텀스퀘어1 지식산업센터1동 1층 125호",37.7472315346552,127.119245672289
메머드커피,경기,포천용정산단점,"경기도 포천시 군내면 용정경제로1길 13-17, 나동 1층 101호",37.8836513636517,127.202551763409
메머드커피,경기,갈매스칸센점,"경기도 구리시 갈매순환로 180, 현대스칸센알토 1층 BC동 01-0016호",37.6354734013231,127.122708475088
메머드커피,경기,평내호평역점,"경기도 남양주시 늘을2로 20, 리베로빌딩 1층 116호",37.654488500865,127.244100117733
메머드커피,경기,고양성사점,"경기도 고양시 덕양구 호국로 822, 명지캐럿86 1층 101호",37.6585273733508,126.838856291472
메머드커피,경기,검배마을점,"경기도 구리시 벌말로 200, 새롬프라자 1층 104호",37.5940323709836,127.150990665923
메머드커피,경기,마석경춘로점,"경기도 남양주시 화도읍 경춘로 1872, 1층 105호",37.6527663464707,127.296235425826
메머드커피,경기,고양DMC플렉스데시앙점,"경기도 고양시 덕양구 향동로 217, 디엠씨플렉스데시앙 지하1층 RB147호",37.609049205589,126.892379900515
메머드커피,경기,명지병원점,"경기도 고양시 덕양구 화수로14번길 78, 1층",37.6415084982297,126.829593548314
메머드커피,경기,일산강선점,"경기도 고양시 일산서구 강선로49, 일산비스타오피스텔 1층 105호,106호",37.6687572270298,126.763375293384
메머드커피,경기,일산동구청점,"경기도 고양시 일산동구 정발산로 38, 장항동이스턴시티 1층 119호",37.6567152545134,126.773131388502
메머드커피,경기,일산MBC드림센터점,"경기도 고양시 일산동구 호수로 596, 엠비씨드림센터 1층 102-1호",37.6555283899971,126.770475038647
메머드커피,경기,안성중앙점,"경기도 안성시 동본동 중앙1길 3, 1층 일부",37.4834743260486,126.953868808769
메머드커피,경기,국립암센터점,"경기도 고양시 일산동구 일산로330번길 6-9, 1층 우측 일부호",37.6645450204222,126.784854763713
메머드커피,경기,김포풍무점,"경기도 김포시 풍무로 102, 1층 일부",37.6045688494134,126.722396105652
메머드커피,경기,부천역점,"경기도 부천시 부일로 464, 1층 103호 (심곡동, 태강캐슬)",37.4858109347011,126.781779472318
메머드커피,경기,평촌스마트점,"경기도 안양시 동안구 시민대로 311, 1층 102호(관양동, 금강스마트빌딩)",37.3960785735488,126.964662720477
메머드커피,경기,광명에이스점,"경기도 광명시 하안로 108, A동 1층 103호(소하동, 에이스 광명타워)",37.4477711420209,126.892192651394
메머드커피,경기,에이스청계타워점,"경기도 의왕시 성고개로 53, 1층 142호(포일동, 에이스청계타워)",37.3976156431246,126.987425524173
메머드커피,경기,고양화정점,"경기도 고양시 덕양구 화신로 264,1층 103호(화정동, 브릿지타워)",37.6281593237543,126.841079700789
메머드커피,경기,상동역점,"경기도 부천시 상동로 90, 147호(상동, 메가플러스빌딩)",37.5051246737203,126.753720198073
메머드커피,경기,안양무역센터점,"경기도 안양시 동안구 시민대로 161, 1층 107호(비산동, 안양무역센터)",37.39049776989,126.949186270325
메머드커피,경기,동탄삼성디오네점,"경기도 화성시 삼성1로 209, 1층 114호(석우동, 동탄 삼성 디오네 오피스텔)",37.2218684151277,127.074910888869
메머드커피,경기,판교역점,"경기도 성남시 분당구 분당내곡로 117, 1층 108호(백현동, 알파돔타워4)",37.3943014713942,127.112200514447
메머드커피,경기,포레나광교점,"경기도 수원시 영통구 광교호수공원로 300, 155호(하동, 포레나 광교)",37.2841959417381,127.058076574807
메머드커피,경기,안산고잔점,"경기도 안산시 단원구 광덕3로 167-10, 109호(고잔동, 유니프라자)",37.3132525689826,126.831635825097
메머드커피,경기,부천테크노파크점,"경기도 부천시 석천로 345, 부대동 110호(삼정동, 부천테크노파크)",37.5198102968705,126.764775950683
메머드커피,경기,안산자유센터점,"경기도 안산시 단원구 화랑로 358 , 1층 126호,127호",37.3210004375317,126.827490207137
메머드커피,경기,시흥은계호수공원점,"경기도 시흥시 은계중앙로 236, 1층 110호",37.4451197152612,126.804318027794
메머드커피,경기,동탄목동호반포레점,"경기도 화성시 동탄신리천로1길 73, 호반프라자 1층 106호",37.1793748812828,127.119353740953
메머드커피,경기,옥길광양프런티어점,"경기도 부천시 양지로 237, 1층 105호(옥길동, 광양프런티어밸리5차)",37.4663270551279,126.827855531203
메머드커피,경기,안산타크라3차점,"경기도 안산시 단원구 만해로 205, A동 128호(성곡동, 타원 TAKRA III)",37.3237757796445,126.761132832464
메머드커피,경기,안산한대역점,"경기도 안산시 상록구 광덕1로 375, 1층 114호(이동, 강우프라자)",37.308447129768,126.850952825644
메머드커피,경기,인덕원디지털엠파이어점,"경기도 안양시 동안구 시민대로 387, A동 1층 110호(관양동, 디지털엠파이어)",37.3967316522359,126.973321310344
메머드커피,경기,미사스마트밸리점,"경기도 하남시 미사강변서로 16, 1층 알105호(풍산동, 하우스디스마트밸리)",37.5517688347028,127.184692024093
메머드커피,경기,성남고등반도점,"경기도 성남시 수정구 고등동 603, 반도아이비밸리 1층 105호",37.427378567757,127.093733525734
메머드커피,경기,김포구래점,"경기도 김포시 김포한강9로 95, 1층 111호",37.6451553007371,126.625590298033
메머드커피,경기,송내남부역점,"경기도 부천시 송내대로 29, 105호(송내동)",37.4861396504767,126.752792619711
메머드커피,경기,동탄성심병원점,"경기도 화성시 삼성1로 144-13, 1층 102호(석우동)",37.2168068184903,127.078867202122
메머드커피,경기,안양아이에스비즈타워점,"경기도 안양시 만안구 덕천로152번길 25, 1층 130호(안양동, 안양아이에스BIZ타워센트럴)",37.3926558152071,126.93822186211
메머드커피,경기,성남의료원점,"경기도 성남시 수정구 시민로205번길 34, 1층",37.4452784066392,127.137956788
메머드커피,경기,부천도당공단점,"경기도 부천시 평천로832번길 50, 1층(도당동)",37.5127926284737,126.783707374442
메머드커피,경기,하남U1점,"경기도 하남시 하남대로 947, A동 1층 173B호(풍산동, 하남테크노밸리 U1 CENTER)",37.5458880294551,127.193631652802
메머드커피,경기,파주운정호수점,"경기도 파주시 가온로 182, 1층 일부(와동동)",37.7199302838728,126.752603493881
메머드커피,경기,하안사거리점,"경기도 광명시 범안로 1050, 성보프라자 1층 107호",37.4621607259826,126.879735362989
메머드커피,경기,평촌하이필드점,"경기도 안양시 동안구 벌말로 66, 1층 R108호(관양동, 평촌역 하이필드)",37.3943326295581,126.97009369855
메머드커피,경기,신중동역점,"경기도 부천시 중동로248번길 124, 상가동 105호(중동, 중앙프라자)",37.5010034371901,126.775728215665
메머드커피,경기,김포금빛초점,"경기도 김포시 태장로 825, 자이애비뉴2 1층 110호",37.6350297225016,126.6801592603
메머드커피,경기,광명역자이타워점,"경기도 광명시 새빛공원로 67, B동 101호(일직동, 광명역자이타워)",37.4196749262281,126.888385454014
메머드커피,경기,하남시청점,"경기도 하남시 대청로 26, 1층 102호의 일부호(신장동, 하남리빙텔)",37.5404449082744,127.21508822112
메머드커피,경기,김포이젠메카존점,"경기도 김포시 양촌읍 황금로 117, 다동 1층 119호",37.6164960068509,126.621275478816
메머드커피,경기,과천힐스테이트중앙점,"경기도 과천시 관문로 92, B동 B103호(중앙동, 힐스테이트 과천중앙)",37.4297945568098,126.990295584667
메머드커피,경기,광명GIDC A동점,"경기도 광명시 일직로 43, 1층 1084호(일직동, GIDC)",37.4227699960931,126.886946212034
메머드커피,경기,미사현대2차점,"경기도 하남시 미사대로 540 A동 C-123호(덕풍동, 현대지식산업센터 한강미사2차)",37.5578052341426,127.20583464536
메머드커피,경기,서현역점,"경기도 성남시 분당구 황새울로342번길 11, 102호(서현동, 금호리빙스텔)",37.38623076251,127.12365603416
메머드커피,경기,호계데시앙플렉스점,"경기도 안양시 동안구 엘에스로 122, 1층 106호(호계동, 호계 데시앙플렉스)",37.3728819792123,126.948864765758
메머드커피,경기,수원인계점,"경기도 수원시 팔달구 권광로124번길 13, 1층 110호(인계동, 테라스 더 아델라움)",37.2587777004646,127.031571953332
메머드커피,경기,과천상상자이점,"경기도 과천시 과천대로7길 65, 과천상상자이타워 1층 B116호",37.4166271377393,126.976105372839
메머드커피,경기,동탄AP점,"경기도 화성시 동탄산단8길 19, 산단프라자 1층 104호",37.1728694256565,127.089162941213
메머드커피,경기,동탄샹보르줌타워점,"경기도 화성시 동탄대로 700, 1층 103호(영천동, 샹보르 줌타워)",37.2144046023878,127.102854475691
메머드커피,경기,시흥호반써밋더프라임점,"경기도 시흥시 거북섬남로 77, 121동 B108호(정왕동, 호반써밋더프라임)",37.3212368429273,126.689890543842
메머드커피,경기,동탄역에이스큐브점,"경기도 화성시 동탄광역환승로 73, 207동 1층 E164호(오산동, 동탄역 반도유보라 아이비파크 8.0)",37.2028863829237,127.090020319633
메머드커피,경기,기흥힉스유타워점,"경기도 용인시 기흥구 중부대로 184, A동 146호(영덕동, 힉스유타워)",37.2691613298833,127.090689370086
메머드커피,경기,동탄펜테리움IT타워점,"경기도 화성시 동탄기흥로 557, 1층 112호(영천동, 금강펜테리움IT타워)",37.209872905844,127.09218596472
메머드커피,경기,야탑역점,"경기도 성남시 분당구 성남대로926번길 6, 1층 104호(야탑동, 야탑대덕프라자)",37.4121837084373,127.129849213472
메머드커피,경기,동탄우미뉴브점,"경기도 화성시 동탄대로23길 121, 141호",37.2109049106039,127.096997660957
메머드커피,경기,안산현대해상점,"경기도 안산시 단원구 고잔2길 9, 1층 107호(고잔동, 하이베라스)",37.3180213990004,126.832031327382
메머드커피,경기,기흥ICT밸리B동점,"경기도 용인시 기흥구 기흥로 58, B동 B101호(구갈동, 기흥ICT밸리 SKV1)",37.2804366618453,127.117727916439
메머드커피,경기,안산초지점,"경기도 안산시 단원구 원선1로 38, 상가동 111호(초지동, 두산위브아파트)",37.326166138141,126.803777208185
메머드커피,경기,동탄w스페이스점,"경기도 화성시 동탄대로23길 101, 1층 110호(영천동, W스페이스)",37.212035589058,127.097277149172
메머드커피,경기,중동현대점,"경기도 부천시 석천로183번길 21, 1층 106호(중동)",37.5038515742555,126.761679720228
메머드커피,경기,부천시청점,"경기도 부천시 길주로 205, 103호(중동, 솔라리움A동)",37.5049429957768,126.765388541075
메머드커피,경기,수원고색중앙점,"경기도 수원시 권선구 산업로156번길 201, 1층 110,111호(고색동)",37.2386128162108,126.984499410554
메머드커피,경기,광교CBD광장점,"경기도 수원시 영통구 도청로18번길 26, 1층 101호(이의동, 힐스테이트광교중앙역)",37.2876086076178,127.057001896438
메머드커피,경기,동탄IX타워점,"경기도 화성시 동탄첨단산업1로 27, 금강펜테리움 IX타워 근린생활시설 1층 M17호(영천동)",37.2108651707078,127.089445559923
메머드커피,경기,성결대점,"경기도 안양시 만안구 성결대학로 54, 1층(안양동)",37.3813887904904,126.928620326706
메머드커피,경기,평택드림테크점,"경기도 평택시 청북읍 드림산단4로 42-12, 101호",37.0573449305902,126.973913703165
메머드커피,경기,평택고덕점,"경기도 평택시 고덕면 고덕여염12길 76, 104호",37.041816683577,127.052945212336
메머드커피,경기,원마운트점,"경기도 고양시 일산서구 한류월드로 300, 1층 1117호(대화동, 고양 원마운트)",37.6645540981816,126.754526582068
메머드커피,경기,수원터미널점,"경기도 수원시 권선구 경수대로 270, 1314호(권선동, 터미널동)",37.2505144677203,127.019638678088
메머드커피,경기,과천위버필드점,"경기도 과천시 별양상가2로 35, 과천위버필드상가 3동 1층 115호",37.4254032971493,126.991857724067
메머드커피,경기,영통삼성점,"경기도 수원시 영통구 신원로 126, B동 1층(신동, 브레인하우스)",37.2485825682544,127.055190609898
메머드커피,경기,송내투나점,"경기도 부천시 부일로221번길 26, 1층 101호(상동, 삼원타운)",37.4895114497717,126.755112180136
메머드커피,경기,판교중앙점,"경기도 성남시 분당구 대왕판교로606번길 31, 1층 109호(삼평동)",37.3966887360553,127.110662408872
메머드커피,경기,동탄호수공원점,"경기도 화성시 동탄대로5길 21, 1층 E164호(송동, 라크몽)",37.1669493066166,127.105305422682
메머드커피,경기,영통디지털엠파이어2차점,"경기도 수원시 영통구 신원로 88, 101동 1층 119호(신동,디지털엠파이어2)",37.2474668310069,127.050275929193
메머드커피,경기,안산그랑시티시그니처타워점,"경기도 안산시 상록구 해양3로 15, 그랑시티시그니처타워 1층 107호",37.2857490842205,126.8280626042
메머드커피,경기,동탄비즈타워점,"경기도 화성시 동탄첨단산업1로 63-12, 117-2호(영천동)",37.2154809974695,127.092931071795
메머드커피,경기,수원고색점,"경기도 수원시 권선구 산업로 180, 117, 118호(고색동, 디에이치타워)",37.2409168274724,126.977440451072
메머드커피,경기,야탑점,"경기도 성남시 분당구 야탑로75번길 15, 1층 101-1호(야탑동, 세화2001빌딩)",37.4106103562129,127.12710632162
메머드커피,경기,판교제2테크노밸리점,"경기도 성남시 수정구 창업로 54, 지하 1층 B105호(시흥동)",37.4115673750723,127.093779787826
메머드커피,경기,고색1단지점,"경기도 수원시 권선구 오목천로152번길 68, 1층 122호(고색동, 골든프라자)",37.2414992770635,126.977992067699
메머드커피,경기,성남시청점,"경기도 성남시 중원구 성남대로997번길 11, 1층 103~104호(여수동)",37.4187857125291,127.125452739828
메머드커피,경기,기흥테라점,"경기도 용인시 기흥구 서천로201번길 11, 지하1층 C-L134호(농서동, 기흥 테라타워 지식산업센터)",37.231425985432,127.071894127547
메머드커피,경기,판교우림w시티점,"경기도 성남시 분당구 판교로255번길 9-22, 1층 123호(상평동, 우림더블유시티)",37.4040237290805,127.100089555162
메머드커피,경기,망포역점,"경기도 수원시 영통구 덕영대로1556번길 16, 1층 106호(영통동, 디지털엠파이어빌딩)",37.2452635378131,127.059176131052
메머드커피,경기,동안양세무서점,"경기도 안양시 동안구 시민대로 277, 1층 101호(관양동, 세방글로벌시티)",37.3949529242519,126.960931875901
메머드커피,경기,광교법조타운점,"경기도 수원시 영통구 광교중앙로248번길 7-2, A동 1층 103호(하동, 원희캐슬 광교)",37.2910333582533,127.066670743351
메머드커피,경기,다산아이파크점,"경기도 남양주시 다산순환로 325, 1층 101호(다산동, 다산 아이파크 상가)",37.6278736489911,127.156879691139
메머드커피,경기,미사역점,"경기도 하남시 미사강변남로 103, 1층 114호(망월동, 미사랑데르III)",37.5610822617823,127.193298260773
메머드커피,경기,구리롯데점,"경기도 구리시 경춘로 253, 106호 (인창동, 다우스퀘어)",37.602229227834,127.143028051934
메머드커피,경기,위례중앙점,"경기도 성남시 수정구 위례광장로 320, 109호(창곡동, 아이에스센트럴타워)",37.4722438981494,127.142949569878
메머드커피,경기,경기도청북부청사역점,"경기도 의정부시 장곡로 626, B동 1층 109호(신곡동, 금오종합상가)",37.7504506433524,127.072289947549
메머드커피,경기,군포한림휴먼타워점,"경기도 군포시 엘에스로 172, 1층 105호(금정동,한림휴먼타워)",37.3756804779917,126.944286919857
메머드커피,경기,철산역롯데캐슬점,"경기도 광명시 시청로 50, A상가동 AA119호(철산동, 철산역 롯데캐슬&SKVIEW 클래스티지)",37.4807350060176,126.865332670084
메머드커피,경기,포천소흘점,"경기도 포천시 소흘읍 솔모루로 72, A동 1층 101호",37.8279139965906,127.146409705672
메머드커피,경기,한강미사점,"경기도 하남시 미사대로 520, C동 1층 029호(덕풍동, 현대지식산업센터 한강미사2차)",37.5588264366331,127.204686431376
메머드커피,경기,삼송mbn미디어시티점,"경기도 고양시 덕양구 동송로 30, 1층 111호(동산동, 삼송 더샵 미디어시티 근린생활시설)",37.6502419227362,126.897336803029
메머드커피,경기,구리역점,"경기도 구리시 건원대로 42, 1층 109호(인창동, 삼원골드프라자)",37.6048289049432,127.140358223808
메머드커피,경기,일산백석점,"경기도 고양시 일산동구 호수로 358-25, 106호(백석동, 동문타워II)",37.6399297270956,126.786172873685
메머드커피,경기,부천테크노파크쌍용3차점,"경기도 부천시 석천로 397, 203동 2층 213호(삼정동, 부천테크노파크쌍용3차)",37.5229345549274,126.765429048863
메머드커피,경기,김포운양점,"경기도 김포시 김포한강1로 227, 광장프라자 1층 116호(운양동)",37.6541524367087,126.682574204756
메머드커피,경기,구리한양대병원점,"경기도 구리시 동구릉로6번길 13-1, 대원빌딩 1층 101호(교문동)",37.6015588799732,127.13181785441
메머드커피,경기,녹양점,"경기도 의정부시 비우로 86, 1층(녹양동)",37.7581335377221,127.036345717119
메머드커피,경기,수지구청점,"경기도 용인시 수지구 수지로296번길 47, 104호(풍덕천동, 수석빌딩)",37.3218331221832,127.094088771818
메머드커피,경기,성남을지대점,"경기도 성남시 수성구 산성대로567번길 10, 1층(양지동)",,
메머드커피,경기,킨텍스꿈에그린점,"경기도 고양시 일산서구 킨텍스로 240, 판매시설동 1층 131호(대화동, 킨텍스 꿈에그린)",37.6658756486743,126.751042108317
메머드커피,경기,위례역점,"경기도 성남시 수정구 위례광장로 21-13, 1층 105호(창곡동, 힘찬프라자)",37.4649813346079,127.13983785574
메머드커피,경기,성남이마트점,"경기도 성남시 수정구 수정로 205, 산운빌딩 1층",37.444399661868,127.142501510672
메머드커피,경기,다산중앙점,"경기도 남양주시 다산중앙로145번길 15, 1층 111호(다산동, 신해센트럴타워 II)",37.6253950188404,127.15081234437
메머드커피,경기,지행역점,"경기도 동두천시 동두천로 129, 내행프라자 1층 111호",37.8930322422742,127.054804183822
메머드커피,경기,춘의테크노파크점,"경기도 부천시 부천로198번길 36, 춘의테크노파크 103동 106 일부호(춘의동)",37.501811647275,126.78888542591
메머드커피,경기,의왕더리브비즈원점,"경기도 의왕시 오봉산단3로 25, 의왕더리브비즈원 지하 1층 B106호",37.3286369479399,126.953422160715
메머드커피,경기,춘의점,"경기도 부천시 조마루로385번길 131, 1층 1호(춘의동)",37.5024118673886,126.791048223999
메머드커피,경기,어룡역점,"경기도 의정부시 용현로105번길 23-1, 1층 104호(민락동, 대우프라자)",37.7422138696938,127.08688227525
메머드커피,경기,부천유베이스타워점,"경기도 부천시 부흥로315번길 62, 113호(중동, 필-그린타워)",37.4974376663969,126.777227877041
메머드커피,경기,동천역점,"경기도 용인시 수지구 신수로 767, 에이동 138호(동천동, 분당수지 U-TOWER)",37.3382546359421,127.101361565907
메머드커피,경기,원흥한일윈스타점,"경기도 고양시 덕양구 삼원로 73, 104호(원흥동)",37.6391323160256,126.875159997315
메머드커피,경기,광교우미뉴브점,"경기도 용인시 수지구 광교중앙로 338, 1층 R-135호(상현동, 광교우미 뉴브)",37.3003363600416,127.071799505702
메머드커피,경기,미사학원가점,"경기도 하남시 미사강변대로 64, 1층 107호(풍산동,제일아이조움)",37.5557416178287,127.187254460165
메머드커피,경기,일산주엽점,"경기도 고양시 일산서구 중앙로 1456, 107호(주엽동)",37.6715581955538,126.758974004688
메머드커피,경기,광명역코스트코앞점,"경기도 광명시 일직로 43, 지1층 L062호(일직동, GIDC)",37.4227699960931,126.886946212034
메머드커피,경기,정자학원가점,"경기도 성남시 분당구 성남대로 381, 1층 106호(정자동, 폴라리스빌딩)",37.3702804771767,127.10751607174
메머드커피,경기,안양관평사거리점,"경기도 안양시 동안구 시민대로 266, 1층 108호(관양동, 평촌샤르망오피스텔)",37.3938319325169,126.960300727742
메머드커피,경기,미사SKV1점,"경기도 하남시 미사강변한강로 155, 1층 근생125호(망월동, 미사강변 SK V1 center)",37.5758909759561,127.193974778169
메머드커피,경기,파주운정목동점,"경기도 파주시 심학산로 423번길 7-37, 1층 102호(목동동, 애플프라자)",37.7196384028334,126.737212025108
메머드커피,경기,수내역점,"경기도 성남시 분당구 황새울로 224, 청구블루빌 1층 103호",37.3788316738021,127.113285876267
메머드커피,경기,평촌디지털엠파이어점,"경기도 안양시 동안구 흥안대로427번길 16, 지상1층 124호(관양동, 평촌디지털엠파이어)",37.3930060253125,126.973767118076
메머드커피,경기,일산문화공원점,"경기도 고양시 일산동구 중앙로1275번길 38-10, 1층 116호(장항동, 우림로데오스위트)",37.659914452377,126.770892649054
메머드커피,경기,의정부듀클래스점,"경기도 의정부시 문화로 6, 한강의정부고산듀클래스 A동 A124호",37.7291258982772,127.103954807742
메머드커피,경기,파주야당동점,"경기도 파주시 송학1길 123, 1층 102호(야당동, 프리덴)",37.714266133721,126.763977587846
메머드커피,경기,금정2차SKV1점,"경기도 안양시 동안구 엘에스로 136, 1층 122호(호계동)",37.373552008391,126.947689591598
메머드커피,경기,미사그랑파사쥬점,"경기도 하남시 미사강변동로 95, 1층 1070호(망월동, 힐스테이트 미사역 그랑파사쥬(12-1BL))",37.5637312032917,127.191741670397
메머드커피,경기,남양주시청제1청사점,"경기도 남양주시 경춘로양골1길 13, 102호",37.6363946376208,127.215900165589
메머드커피,경기,군포센트럴비즈파크점,"경기도 군포시 공단로140번길 38, 1층 121호(당정동)",37.357240051393,126.95363825566
메머드커피,경기,미사스카이폴리스점,"경기도 하남시 미사강변한강로 135, 나 123호(망월동, 834-1 미사강변스카이폴리스 지식산업센터)",37.57657762204,127.19204652447
메머드커피,경기,과천디테크A타워점,"경기도 과천시 과천대로7길 33, A동 102호(갈현동, 디 테크 타워 과천)",37.4137969768203,126.977169450381
메머드커피,경기,미금천사점,"경기도 성남시 분당구 성남대로 165, 1층 113호(금곡동, 천사의도시1 오피스텔)",37.3507566438221,127.108327602418
메머드커피,경기,마두역점,"경기도 고양시 일산동구 중앙로 1189, 103호(장항동, GM 굿모닝 법조타운)",37.6527926721441,126.776824545778
메머드커피,경기,군포IT밸리점,"경기도 군포시 고산로148번길 17, 군포IT밸리 1층 S-105호",37.3496128888395,126.95351879606
메머드커피,경기,별내파라곤스퀘어점,"경기도 남양주시 순화궁로 249, C113호(별내동, 별내역 파라곤스퀘어제판매시설1동)",37.6518833009949,127.128118486856
메머드커피,경기,다산DIMC테라타워점,"경기도 남양주시 다산지금로 202, 1층 알01-0103호(다산동, 현대테라타워 DIMC)",37.5956456332495,127.172217618434
메머드커피,경기,일산레이킨스몰점,"경기도 고양시 일산서구 호수로 817, 38호(대화동, 레이킨스몰)",37.6679852145335,126.751647571454
메머드커피,경기,오리역점,"경기도 성남시 분당구 성남대로 52, 1층 105호(구미동, 그랜드프라자)",37.3404548197093,127.109400225772
메머드커피,경기,시흥장곡점,"경기도 시흥시 진말1로 18, 1층 112호(장곡동)",37.377816391155,126.789693790346
메머드커피,경기,삼육대후문점,"경기도 남양주시 불암로 41-70, 1층",37.6442890988643,127.110088345811
메머드커피,경기,시흥능곡역점,"경기도 시흥시 능곡번영길 24,1층 105호(능곡동)",37.3700799141055,126.807461216026
메머드커피,경기,갈매점,"경기도 구리시 갈매중앙로 80, 갈매동행정복지센터 1층 102호",37.6314300098105,127.117797457534
메머드커피,경기,미사호반써밋점,"경기도 하남시 미사강변한강로 270, 상가동 1층 187호(망월동, 미사강변 호반 써밋)",37.5654167040326,127.194981590385
메머드커피,인천,인천검단신도시점,"인천광역시 서구 이음5로 24, 제1총 제101호(원당동, 쓰리엠타워)",37.5937586372159,126.710443746314
메머드커피,인천,송도스마트스퀘어점,"인천광역시 연수구 송도미래로11번길 27, 송도스마트스퀘어 A동 107호",37.3710919643452,126.649404275884
메머드커피,인천,송도스테이에디션점,"인천광역시 연수구 센트럴로 281, 송도스테이에디션 B동 1층 101호",37.3993535750601,126.633062611848
메머드커피,인천,롯데마트연수점,"인천광역시 연수구 청능대로 87, 1층",37.4151223595393,126.675170319693
메머드커피,인천,송도씨워크점,"인천광역시 연수구 센트럴로 313, 송도씨워크인테라스한라 1층 비150호",37.4015590204821,126.631564765403
메머드커피,인천,인천남동테크노타워점,"인천광역시 남동구 호구포로 189, 남동테크노타워 1층 111호",37.4004284830314,126.707689710598
메머드커피,인천,송도인천대점,"인천광역시 연수구 하모니로 271,제1동 제112호(송도동, 송도코스테이주건축물)",37.3739172010867,126.63668496785
메머드커피,인천,부평점,"인천광역시 부평구 경원대로1403번길 4, 1층(부평동)",37.4915543553848,126.725115000313
메머드커피,인천,서운점,"인천광역시 계양구 서운로 45, 1층 일부호(서운동)",37.5297355016222,126.743674554206
메머드커피,인천,주안역점,"인천광역시 미추홀구 주안로 116, B101호(주안동, 주안리가스퀘어)",37.463477279369,126.682519496276
메머드커피,인천,송도센트로드점,"인천광역시 연수구 인천타워대로 323, 상가동 1층 디117호(송도동, 송도 센트로드)",37.3995231669444,126.629572683174
메머드커피,인천,인천검단아라점,"인천광역시 서구 바리미로 17, 1동 102호(원당동)",37.5937289806617,126.714916483324
메머드커피,인천,인천예술회관역점,"인천시 남동구 예술로 192번길 30, 1층 103호 (구월동)",37.4508834115072,126.702925752322
메머드커피,인천,송도스마트밸리점,"인천광역시 연수구 송도미래로 30, E동 2층 204-1호(송도동, 송도 BRC 스마트밸리 지식산업센터)",37.3666405488818,126.647280218866
메머드커피,인천,인천만수동점,"인천광역시 남동구 백범로 107, 1층 전부호(만수동)",37.4537221312889,126.734536151858
메머드커피,인천,인천논현역점,"인천광역시 남동구 청능대로 583, 중앙프라자 1층 103호",37.4013780885665,126.723931325397
메머드커피,인천,계양구청점,"인천광역시 계양구 계산새로 71, C동 103호(계산동, 하이베라스빌딩)",37.5387803391763,126.735817610773
메머드커피,인천,영종하늘별빛점,"인천광역시 중구 하늘중앙로 193, 1층 118호(중산동, 조양타워)",37.4904067753098,126.560504566192
메머드커피,인천,부평우림라이온스점,"인천광역시 부평구 부평대로 283, B동 1층 116호 (청천동, 부평우림라이온스밸리)",37.5176355485615,126.720109563237
메머드커피,인천,송도IT센터점,"인천광역시 연수구 송도과학로 32, 1층 에이 117-1호(송도동, 송도테크노파크IT센터)",37.3818594284068,126.662694187386
메머드커피,인천,인천도화점,"인천광역시 미추홀구 숙골로87번길 2, 센타프라자 1층 111호",37.4701338984516,126.662989989833
메머드커피,인천,삼산점,"인천광역시 부평구 충선로203번길 24, 1층 120호, 121호(삼산동, 삼산프라자)",37.5075814883877,126.734887749096
메머드커피,인천,모래내시장점,"인천광역시 남동구 구월로276번길 40, 106호",37.453869560256,126.720859670651
메머드커피,인천,인천U1광장점,"인천광역시 부평구 주부토로 236, B동 1층 162호(갈산동, 인천테크노밸리U1 CENTER)",37.5158580433375,126.726800852864
메머드커피,인천,인천성모병원점,"인천광역시 부평구 동수로52번길 14, 가톨릭대학교인천성모병원 어린이병원 1층",37.4846547941777,126.724292850196
메머드커피,인천,인하대점,"인천광역시 남구 인하로77번길 6, 1층(용현동)",37.4513372497369,126.657194578083
메머드커피,인천,신포점,"인천광역시 중구 우현로 35-1, 1층 일부 및 2층(신포동)",37.4706596848593,126.627674570606
메머드커피,인천,효성동현대4차점,"인천광역시 계양구 새벌로 108, 상가동 103호(효성동, 현대아파트)",37.5265458489692,126.716838627857
메머드커피,인천,부평현대해상점,"인천광역시 부평구 부평대로64번길 1, 1층",37.4972264464764,126.722916191817
메머드커피,인천,청라지웰점,"인천광역시 서구 중봉대로612번길 10, 지웰에스테이트 1층 105호",37.5338579775541,126.650866607996
메머드커피,인천,호구포역점,"인천광역시 남동구 논현로46번길 22, 에이동 1층 115호(논현동, 코아루파크)",37.4014586180252,126.71039968111
메머드커피,인천,인천연안부두점,"인천광역시 중구 연안부두로 45, 에이동 7호(항동7가)",37.4543068225666,126.601312106557
메머드커피,인천,아인여성병원점,"인천광역시 미추홀구 경인로 372, 201동 지2층 B2029호(주안동, 포레나 미추홀)",37.4580182017435,126.681163207516
메머드커피,인천,청라에이스점,"인천광역시 서구 파랑로 495, 청라에이스하이테크시티 1동 108호(청라동)",37.5245217156943,126.650336119551
메머드커피,인천,부평대로점,"인천광역시 부평구 부평대로 16-1, 1층(부평동)",37.4929153050561,126.723293405005
메머드커피,인천,송도AT센터점,"인천광역시 연수구 송도과학로 70, 153호(송도동, 송도AT센터)",37.3804460608153,126.66550789544
메머드커피,인천,검단블루텍점,"인천광역시 서구 보듬로 158, 블루텍 1층 공존 141호",37.5958670593927,126.614899340433
메머드커피,강원,심평원사거리점,"강원특별자치도 원주시 입춘로 110, 파라다이스프라자 1층 103호(반곡동)",37.3233830428989,127.981662850501
메머드커피,강원,춘천모다아울렛점,"강원특별자치도 춘천시 방송길 77, 1층 1120, 1130호(온의동, 춘천 센트럴타워 푸르지오)",37.8694788164144,127.72047703505
메머드커피,강원,원주단계천점,강원특별자치도 원주시 돌터1길 10-5 (우산동),37.3705949505538,127.93992007885
메머드커피,강원,강릉월화거리점,"강원특별자치도 강릉시 금성로12번길 6, 1층 101호",37.7550242234992,128.898753488002
메머드커피,충남,천안아산역점,"충청남도 아산시 배방읍 고속철대로 147, 107호(우성메디피아)",36.7974782424767,127.105753791968
메머드커피,충남,천안미래에이스점,"충청남도 천안시 서북구 백석공단1로 10, 지원140호(백석동 천안 미래에이스하이테크시티)",36.823817261009,127.111088362127
메머드커피,충남,천안4공단점,"충청남도 천안시 서북구 직산읍 4산단7로 34, 1층 103호",36.8635870297143,127.124447391216
메머드커피,충남,천안삼성점,"충청남도 천안시 서북구 3공단5로 58, 1층 104호(성성동)",36.8389888781024,127.116056765427
메머드커피,대전,대전법원점,"대전광역시 서구 둔산로123번길 43, PJ빌딩 1층 105호",36.3533050629184,127.387425878275
메머드커피,대전,대전대덕산단점,"대전광역시 대덕구 신일동로17번길 5, 신일테크노 1층 102호",36.4441734802416,127.406104941017
메머드커피,대전,대전오류동점,"대전광역시 중구 계룡로816번길 11, 1층",36.3268805701607,127.406004074099
메머드커피,대전,둔산제일학원점,"대전광역시 서구 둔산서로 29, 1층 일부",36.3492579691408,127.382589698244
메머드커피,대전,대전DCC점,"대전광역시 유성구 엑스포로123번길 27-22, 1층 5호",36.3762141748039,127.392327718308
메머드커피,대전,대전대흥점,"대전광역시 중구 중교로 29, 1층",36.3252324272892,127.42306995828
메머드커피,대전,둔산은하수점,"대전광역시 서구 둔산남로9번길 45, 1층 104호",36.3500638605055,127.378581013385
메머드커피,대전,대전을지한화점,"대전광역시 서구 둔산로51번길 84, 21세기빌딩 1층 103호",36.3549955937374,127.380606264574
메머드커피,충북,더샵청주센트럴점,"충청북도 청주시 흥덕구 복대로 220, 더샵청주센트럴 1층 근린생활시설 4호",36.6357185872673,127.441460486915
메머드커피,세종,세종시청점,"세종특별자치시 한누리대로 2144, 1층 110호(보람동, 스마트허브II)",36.4787830155414,127.287964997179
메머드커피,세종,세종대명벨리온점,"세종특별자치시 집현중앙7로 6, 1동 1층 A130호(집현동, 지식산업센터)",36.4982680550619,127.330534861631
메머드커피,경북,구미신평점,"경상북도 구미시 구미대로 399, 신평상가 1층 117호",36.1226482766705,128.362537539437
메머드커피,경북,구미공단점,"경상북도 구미시 1공단로 192, 1층 10,11호(공단동)",36.1017221381162,128.384107480796
메머드커피,경북,경산중산점,"경상북도 경산시 경산로 267, 1층(중산동)",35.831641581574,128.722828247848
메머드커피,경북,경주동국대병원점,"경상북도 경주시 석현로 21, 1층 102호(석장동)",35.8590437919123,129.193391919174
메머드커피,경북,상주벚꽃점,경상북도 상주시 냉림4길 91(냉림동),36.4243413406392,128.164223532581
메머드커피,경북,문경점촌점,"경상북도 문경시 중앙6길 16, 1층 102호(점촌동)",36.5959345330688,128.201082872817
메머드커피,경북,경산하양점,"경상북도 경산시 하양읍 서사도리9로 17, 1층 110호(드림스퀘어2)",35.9176345333456,128.813160872019
메머드커피,대구,경대병원역점,"대구광역시 중구 달구벌대로 지하 2190, 지하1층(삼덕동2가, 경대병원역)",35.8632004713941,128.602801032774
메머드커피,대구,대구상인점,"대구광역시 달서구 송현로7길 15, 1층 2호 103호(상인동)",35.8209229193035,128.546939400484
메머드커피,대구,대구범어1호점,"대구광역시 수성구 동대구로 397, 1층 103호(범어동, 웰스빌딩)",35.8657772273948,128.626315644016
메머드커피,대구,대구월성래미안점,"대구광역시 달서구 조암남로 43, 1층(월성동)",35.8213392646401,128.528295491623
메머드커피,대구,동대구점,"대구광역시 동구 동부로26길 16, 1층 114호(신천동, 동대구역 부띠끄시티 드라마오피스텔)",35.8747076691488,128.627621004833
메머드커피,대구,대구진천역점,"대구광역시 달서구 월배로 71, 1층 108호(진천동, 진전트윈팰리스)",35.8142316565451,128.522123499199
메머드커피,대구,대구수성점,"대구광역시 수성구 들안로 325, 101동 1층 근린생활시설 6호(수성동 2가, 롬바드 아파트)",35.8589569129166,128.616719196867
메머드커피,대구,구리아름마을점,"대구광역시 동구릉로85번길 21, 1층",37.6085768405033,127.133205479025
메머드커피,대구,대구월배삼정점,"대구광역시 달서구 조암남로32길 40, 402동 1층 115호(대천동, 월배삼정그린코아포레스트)",35.8193842183495,128.514970515412
메머드커피,대구,조선대점,"대구광역시 동구 필문대로287번길 29-23, 1층",35.1449887477352,126.93036279278
메머드커피,대구,대구지묘점,"대구광역시 동구 팔공로91길 32, 101호",35.9414671090848,128.643062974887
메머드커피,대구,대구신월성점,"대구광역시 달서구 월성로 100, 501동 1층 111호(월성동, 월성 삼정그린코아 에듀파크)",35.8300858646896,128.523736047674
메머드커피,경남,마산교방푸르지오점,"경상남도 창원시 마산합포구 성호동 51-9, 1층",35.2103391725371,128.570702136842
메머드커피,경남,충무공점,"경상남도 진주시 에나로77번길 10, 103호(충무공동)",35.1779843674236,128.137921642488
메머드커피,경남,창원유니시티점,"경상남도 창원시 의창구 중동중앙로 83, 1층 108호(중동, D7PARK)",35.2592723670411,128.627532336904
메머드커피,경남,양산북부점,"경상남도 양산시 중앙우회로 138, 1층",35.3480843102099,129.039131528796
메머드커피,경남,양산역점,"경상남도 양산시 양산역6길 3, 1층 105호(중부동, 센트럴스위트)",35.3377964656111,129.026599723266
메머드커피,경남,경남테크노파크점,"경상남도 창원시 의창구 창원대로 18번길 46, 1층(팔용동, 경남창원과학기술진흥원)",35.2522206754709,128.603415451077
메머드커피,경남,양산증산점,"경상남도 양산시 물금읍 서들로 148, 104호",35.311818702454,129.006687069679
메머드커피,경남,김해복음병원점,"경상남도 김해시 활천로 35, 1층(삼정동)",35.2307679975873,128.893452426252
메머드커피,경남,거제장평점,"경상남도 거제시 장평로8길 23, 1층 102호",34.892472090376,128.6098481592
메머드커피,경남,양산덕계점,"경상남도 양산시 덕계로 20, 1층(덕계동)",35.3701469729066,129.1484434382
메머드커피,경남,김해율하점,"경상남도 김해시 율하1로 114, 101호",35.1726571908397,128.815926958999
메머드커피,경남,양산물금점,"경상남도 양산시 물금읍 물금로 57, 상가2동 115호(양산 이지더원 5차 아파트)",35.312288054921,128.989139886406
메머드커피,경남,양산사송점,"경상남도 양산시 동면 외송로 30, 사송더샵데시앙2차 7단지 1층 제7-112호",35.3136291709416,129.074812181169
메머드커피,경남,상남한마음점,"경상남도 창원시 성산구 마디미로21번길 17, 104호(상남동)",35.221685589936,128.686227893261
메머드커피,경남,창원웅남동점,"경상남도 창원시 성산구 연덕로15번길 14, 1층 101호 일부",35.2078140330304,128.654452954845
메머드커피,경남,마산창동점,"경상남도 창원시 마산합포구 불종거리로 27-1, 1층 101호",35.2068921095718,128.57638805396
메머드커피,경남,상남점,"경상남도 창원시 성산구 중앙대로 104, 1층 114호(상남동, 마이우스빌딩)",35.2234911053458,128.680810708184
메머드커피,경남,사천카이점,"경상남도 사천시 사남면 유처길 281, 상가동 1층 105호(사천흥한에르가아파트)",35.0245896,128.1193239
메머드커피,부산,부산중앙마린점,"부산광역시 중구 충장대로9번길 49, 엘빌딩, 1층 101호",35.1097034824091,129.038417311365
메머드커피,부산,부산센텀점,"부산광역시 해운대구 센텀중앙로 97, A동 씨-104호 일부(재송동)",35.1751629116698,129.124506074509
메머드커피,부산,부산BIFC점,부산광역시 남구 문현금융로 40 109호,35.1464917263976,129.065854840531
메머드커피,부산,부산연산중앙점,"부산광역시 연제구 거제천로154번길 58, 예서두레라움드림아파트 1층 102호",35.1859719989626,129.079775587983
메머드커피,부산,부산강서구청점,"부산광역시 강서구 대저로 265, 1층",35.2133519742396,128.98138635112
메머드커피,부산,부산경성대점,"부산광역시 남구 수영로 295, 1층 102호(대연동)",35.137014971474,129.098362610132
메머드커피,부산,부산범일점,"부산광역시 동구 자성로133번길 31, 105호(범일동, 신일빌딩)",35.1395314345322,129.063426868182
메머드커피,부산,서면일번가점,"부산광역시 부산진구 신천대로62번길 34, 1층 일부(부전동, 동흥빌딩)",35.1522844212435,129.058586792657
메머드커피,부산,부산초량점,"부산광역시 동구 중앙대로 236번길 3-6, 1층(초량동)",35.1182741798688,129.04229650823
메머드커피,부산,부산중앙역점,"부산광역시 중구 충장대로4번길 6, 1층(중앙동4가)",35.1046241396056,129.03680238801
메머드커피,부산,부산구포시장점,"부산광역시 북구 구포동 602-26, 1층 102호",35.2084568357337,129.004970564805
메머드커피,부산,해운대NC점,"부산광역시 해운대구 해운대로 813, 1층 138호(좌동, 지팝건축물)",35.1706091827148,129.177076183632
메머드커피,부산,부산동래구청점,"부산광역시 동래구 충렬대로237번길 96, 1층",35.2054990466073,129.083885672457
메머드커피,울산,울산삼산점,"울산시 남구 남중로 122, 1층(삼산동)",35.5451616231037,129.34867589381
메머드커피,울산,울산대학로점,"울산광역시 남구 대학로33번길 16, 1층",35.5397251997438,129.254733285944
메머드커피,전북,하남유테크밸리점,"전북특별자치도 정읍시 미사강변중앙로7번안길 25, 유테크밸리 1층 D104호",37.5490546362801,127.190330716133
메머드커피,전북,정읍상동점,"전북특별자치도 정읍시 중앙로 296, 1층 일부",37.522699578178,126.851992724387
메머드커피,전북,남원의료원점,"전북특별자치도 남원시 충정로 365, 2층(고죽동, 남원의료원)",35.432177330502,127.40676610053
메머드커피,전북,전주평화점,"전북특별자치도 전주시 완산구 모악로 4750, 1층 (약국우측) (평화동1가)",35.7932869820084,127.132440578662
메머드커피,전북,전주서신점,"전북특별자치도 전주시 완산구 당산로 39, 상가108동 1층 113호(서신동, 새마을금고)",35.8323456681999,127.112725633291
메머드커피,전북,전주효자점,"전북특별자치도 전주시 완산구 거마평로 191-2, 1층(효자동1가)",35.809386610672,127.115286777262
메머드커피,전북,전주아중점,"전북특별자치도 전주시 덕진구 무삼지로 55, 1층 101호(인후동1가)",35.8304304326829,127.163453366558
메머드커피,전북,전주효천지구점,"전북특별자치도 전주시 완산구 효천중앙로 22, A동 지하1층 A-B112호(효자동2가)",35.7984971075882,127.10443298201
메머드커피,전북,완주첨단점,"전북특별자치도 완주군 봉동읍 원둔산1길 42, 1층 102호",35.9611266597018,127.126962660042
메머드커피,전북,시흥은계지산점,"전북특별자치도 정읍시 은계중앙로306번길 50, 마이크로빌딩 1층 101호",37.4533064305322,126.797539854918
메머드커피,전남,목포삼학점,"전라남도 목포시 용당로 69, 1층(산정동)",34.7937947344649,126.401876307002
메머드커피,전남,순천법원점,"전라남도 순천시 왕지5길 34, 1층 102호",34.9716796635883,127.525989499676
메머드커피,전남,화순전남대학병원점,"전라남도 화순군 화순읍 일심동길 3, 1층",35.0627599179971,127.000231093693
메머드커피,전남,광주봉선점,"전라남도 광주시 남구 봉선2로 81, 가로수빌딩 101호",35.1261225156911,126.915247624209
메머드커피,전남,광주진월점,"전라남도 광주시 남구 서문대로 700, 광동빌딩 1층 104호",35.1218220134326,126.89901120091
메머드커피,전남,목포하당점,"전라남도 목포시 비파로 96, 1층 113호(상동)",34.8069916227389,126.42455219043
메머드커피,전남,목포신세계병원점,"전라남도 목포시 백년대로 258, 1층(상동)",34.8016549075709,126.41673283239
메머드커피,광주,광주상무중앙점,"광주광역시 서구 상무중앙로 62, 1층(치평동)",35.1523862167384,126.84891609696
메머드커피,광주,광주수완점,"광주광역시 광산구 장신로 133(수완동, 삼광빌딩)",35.1910284068618,126.824785252425
메머드커피,광주,광산구청점,"광주광역시 광산구 광산로29번길 18, 1층(송정동)",35.140169032635,126.794055653905
메머드커피,광주,광주내방점,"광주광역시 서구 월드컵4강로 210번길 16, 1층(내방동)",35.1546844800112,126.871131952116
메머드커피,광주,광주서석점,"광주광역시 동구 제봉로82번길 13, 1층(서석동)",35.1467122805952,126.922838906755
메머드커피,광주,수완센트럴점,"광주광역시 광산구 수완로9번길 1-10, 1층 일부",35.1854968283085,126.828204502297
메머드커피,광주,광주유스퀘어점,"광주광역시 서구 무진대로 904, 유스퀘어 1층 159호",35.1605756425809,126.879873116288
메머드커피,광주,상무버들점,"광주광역시 서구 상무버들로 20, 1층 101호(유촌동)",35.1645774335267,126.861255978156
메머드커피,광주,광주금남로점,"광주광역시 동구 제봉로 171, 1층 2층(궁동)",35.1519525001201,126.918001055502
메머드커피,제주,제주인제점,"제주특별자치도 제주시 고마로 133, 1층(일도이동)",33.5027655332191,126.542795733844
메머드커피,제주,서귀포일호광장점,"제주특별자치도 서귀포시 서문로 5-2, 1층(서귀동)",33.2519667516205,126.560568220627
