매장명,주소,지역,위도,경도
북창,"서울 중구 남대문로1길 60 (북창동, 문치과빌딩)",서울,37.5636747018255,126.977790455377
염창,"서울 강서구 양천로 723 (염창동, 성우빌딩)",서울,37.5495252417773,126.876367234255
구로태평양물산,"서울 구로구 디지털로31길 12 (구로동, 태평양물산) 102동1호",서울,37.4851756855256,126.894869839407
선릉역,"서울 강남구 테헤란로 422 (대치동, KT타워)",서울,37.5053202922409,127.052862629563
원더스 강남,"서울 서초구 강남대로 373 (서초동, 홍우빌딩)",서울,37.4959829346636,127.028010119934
왕십리민자역사,"서울 성동구 왕십리광장로 17 (행당동, 왕십리민자역사), 왕십리광장 1층",서울,37.5614417528647,127.038394194396
양재사옥,"서울 서초구 남부순환로 2620 (양재동, 강남피타워)",서울,37.484522966337,127.037325442562
고덕역,"서울 강동구 동남로73길 17 (명일동, 우진빌딩)",서울,37.5527505555431,127.15507536373
테크노마트,서울 광진구 광나루로56길 85 (구의동),서울,37.535725176732,127.095692162256
암사역,서울 강동구 올림픽로 775 (암사동),서울,37.5503817811933,127.127315684764
등촌,"서울 강서구 공항대로 335 (등촌동, 경왕빌딩)",서울,37.5582028449804,126.844922731223
청담,"서울 강남구 삼성로 651 (삼성동, 래미안 라클래시)",서울,37.5183513056476,127.050036535644
응암역,"서울 은평구 은평로 85 (응암동, CJ드림시티) A-101",서울,37.5996048037882,126.917361151423
영등포역사,"서울 영등포구 경인로 846 (영등포동, 영등포 민자역사) 3층",서울,37.5156680341198,126.907665995469
중앙대병원,"서울 동작구 흑석로 102 (흑석동, 중앙대학교병원) 지하1층 109-1호",서울,37.506038005044,126.960421779226
방송통신대,"서울 종로구 대학로 86 (동숭동, 한국방송통신대학교) 소비자협동조합1층",서울,37.5791954862382,127.003290880975
중앙보훈병원,"서울 강동구 진황도로61길 53 (둔촌동, 중앙보훈병원)",서울,37.5284637471127,127.147925555901
광운대역,"서울 노원구 석계로 98-2 (월계동, 광운대역)",서울,37.6230335564713,127.06176348127
사당,"서울 동작구 사당로 236 (사당동, 제일약국) 광산빌딩1층",서울,37.483168853156,126.97377757447
올림픽공원,"서울 송파구 올림픽로 378 (방이동, 세민빌딩)",서울,37.5169764449194,127.112141746672
센트럴시티K,"서울 서초구 신반포로 176 (반포동, 센트럴시티빌딩) 102호",서울,37.5039351769908,127.002413006799
쌍문역,"서울 도봉구 도봉로 468 (창동, 홍일빌딩) 101",서울,37.6473861862855,127.034372618396
연대동문회관,"서울 서대문구 연세로 50 (신촌동, 연세대학교)",서울,37.5660508394158,126.943916239886
양재중앙,"서울 서초구 동산로 54 (양재동, 시온빌라)",서울,37.4714666994281,127.044865602025
중계브라운스톤,"서울 노원구 동일로203가길 29 (중계동, 브라운스톤중계)",서울,37.6398759609875,127.06428375943
창동하나로,"서울 도봉구 마들로11길 20 (창동, 하나로클럽마트)",서울,37.655110585923,127.050831341385
먹골역,서울 중랑구 동일로 918 (묵동),서울,37.6123842054697,127.077680213483
노원KT,서울 노원구 노해로 502 (상계동) 103호,서울,37.6544500497108,127.063692307584
약수역,서울 중구 다산로 128 (신당동) 1층,서울,37.5550288616317,127.011080288901
공릉역,"서울 노원구 동일로 1078 (공릉동, 대경상운) 1층",서울,37.6261419906738,127.073066569824
시청역,"서울 중구 세종대로 93 (태평로2가, 광학빌딩) 1층",서울,37.5647034150206,126.976627149878
광장,"서울 광진구 아차산로 502 (광장동, 진넥스 오딧세이) 113호",서울,37.5413567898085,127.097232342773
구파발역,"서울 은평구 진관2로 15-40, 4호(진관동, 구파발역환승센터)",서울,37.6380846090453,126.919141184408
동대문푸르지오시티,"서울 동대문구 왕산로 86, 1층 103호(용두동)",서울,37.5777504650845,127.032477193881
마들,"서울 노원구 동일로 1541 105호(상계동, 주공아파트종합상가)",서울,37.6656742727167,127.05705028385
용산센트럴,"서울 용산구 한강대로 95, 지하1층 비111호(한강로2가)",서울,37.5288173852679,126.966653789116
역삼GS타워,"서울 강남구 논현로 508 (역삼동, GS강남타워)",서울,37.5019949322814,127.037336400239
동대문시장,"서울 종로구 종로 266 (종로6가, 동대문종합시장)",서울,37.5707064933341,127.007328677369
뉴코아강남,"서울 서초구 잠원로 69 (잠원동, 킴스클럽)B1층",서울,37.5102605018374,127.006970780391
서울대병원,"서울 종로구 대학로 101 (연건동, 서울대학교병원) 지하 1층 1호",서울,37.5804523853297,126.997196437908
상암DMC역사,"서울 마포구 성암로 지하 184 (상암동, 공항철도 디지털미디어시티역)",서울,37.5768239035855,126.899020186183
마곡나루역사,"서울 강서구 마곡중앙로 지하 135 (마곡동, 마곡나루역) 역사 B1층",서울,37.565821296795,126.827634421592
길음뉴타운,"서울 성북구 길음로7길 6 (길음동, 길음뉴타운9단지래미안 상가) 길음뉴타운 제상가동 제1층제1-17호",서울,37.6043692874401,127.02240090837
신도림홈플러스,"서울 구로구 경인로 661 (신도림동, 신도림1차푸르지오) 지하 1층",서울,37.5096619486431,126.887986372819
목동이마트,"서울 양천구 목동서로 170 (목동, 홈플러스목동점)",서울,37.5382636,126.8831734
공항철도홍대역사,"서울 마포구 양화로 지하 188 (동교동, 홍대입구역)",서울,37.5574452272604,126.926778735002
부영태평빌딩,"서울 중구 세종대로 55 (태평로2가, 부영 태평빌딩) 지하 1층",서울,37.5616192365957,126.974978475659
강남고속터미널,"서울 서초구 신반포로 194 (반포동, 강남고속버스터미널)고속버스터미널상가40,41호",서울,37.5064357442307,127.006834366246
반포자이,"서울 서초구 신반포로 지하 200 (잠원동, 강남터미널지하쇼핑몰)",서울,37.5062203134857,127.005051680109
영등포역사2호,"서울 영등포구 경인로102길 13 (영등포동, 영등포경찰서 영등포역파출소) 영등포역사지하1층",서울,37.5158448,126.9064479
김포공항국내선,서울 강서구 하늘길 112 (공항동) 김포공항 국내선터미널 2층,서울,37.558958766307,126.803085626211
김포공항국제선,"서울 강서구 하늘길 38 (방화동, 김포공항, 롯데몰, 스카이시티), 김포공항국제청사 1층",서울,37.5713695798026,126.802960133589
서울역서부,서울 중구 만리재로 211 (만리동1가),서울,37.5563082891147,126.968159554483
구로개봉,서울 구로구 개봉로 7 (개봉동) 1층 101호,서울,37.4862064699178,126.856161567942
삼성GEC,"서울 강동구 상일로6길 26 (상일동, 삼성엔지니어링)지하1층",서울,37.5488176629632,127.175324562111
신정네거리,서울 양천구 신월로 289 (신정동) 1층 102호,서울,37.5214268452276,126.852948403253
중곡,서울 광진구 중곡동 241-15,서울,37.5629456421463,127.081196886266
포포인츠쉐라톤구로,"서울 구로구 디지털로32길 72 (구로동, 포포인츠바이쉐라톤서울구로)",서울,37.4831837029804,126.898856674536
신풍역,"서울 영등포구 신길로 59 (신길동, 샘탑빌딩) 1층",서울,37.4979170321961,126.907850135006
이문,서울 동대문구 신이문로 6 (이문동),서울,37.6028429398718,127.062618659041
DD SPC 스퀘어,"서울 강남구 강남대로 352 (역삼동), 지상 2층(역삼동)",서울,37.4943827585735,127.029802084664
송파사거리,"서울 송파구 송파대로 388 (송파동, 창영빌딩)",서울,37.5023841566576,127.110210792661
군자역,"서울 광진구 능동로 281-1 (군자동), 1층",서울,37.5552157431137,127.078090161931
상도,"서울 동작구 상도로30길 40 (상도동, 상도2차두산위브트레지움아파트)",서울,37.5043182643342,126.942466980966
장안중앙,서울 동대문구 사가정로25길 60 (장안동),서울,37.5814667426633,127.071176387861
수서역사,"서울 강남구 광평로 지하 270 (수서동, 수서역)",서울,37.4873889933503,127.101859191018
건대입구역,"서울 광진구 능동로 110 (화양동, 스타시티영존빌딩)",서울,37.540657941434,127.07141185507
경복궁역,"서울 종로구 새문안로5가길 33 (내자동, 포레스트 빌딩), 1층",서울,37.5749585598862,126.972903532517
홍대역,"서울 마포구 양화로 157 (동교동, 파라다이스텔)",서울,37.5566882957272,126.922949966052
가든파이브,"서울 송파구 충민로 66 (문정동, 가든파이브라이프), 1층 L-1050호",서울,37.4776148442516,127.124961768886
송파방이,서울 송파구 오금동 19-2,서울,37.508592438686,127.127745381009
마곡역,"서울 강서구 마곡서로 56 (마곡동, 마곡에스비타워Ⅲ)",서울,37.5590004170099,126.823921126728
강동구청역,"서울 강동구 올림픽로 552 (성내동, 홍익빌딩), 홍익빌딩1층 1호(성내동)",서울,37.5308341998326,127.12101233589
아현뉴타운,"서울 마포구 마포대로 173-14 (아현동, 마포 센텀 슬로우스퀘어)",서울,37.55099812968,126.953625787034
화곡역,"서울 강서구 화곡로 164 (화곡동, 화곡빌딩)",서울,37.5412543091125,126.839889999096
현대아이파크타워,"서울 강남구 영동대로 520 (삼성동, 아이파크타워)",서울,37.5136400498332,127.061137077786
LG트윈타워,서울 영등포구 여의대로 128 (여의도동),서울,37.5279271045092,126.929241174348
금천독산,서울 금천구 독산로 203 (독산동),서울,37.4650175552329,126.902295656168
원더스 청담,서울 강남구 도산대로 329 (신사동),서울,37.5232166390894,127.03791553758
서대문홍은,"서울 서대문구 가좌로 146 (홍은동, 태향빌딩)",서울,37.5850409072828,126.923795702201
용산이마트,"서울 용산구 한강대로23길 55 (한강로3가, 용산역)",서울,37.5297718014452,126.964741503485
신림양지병원,"서울 관악구 남부순환로 1636 (신림동, 양지병원)",서울,37.4843693309109,126.932565485407
관악현대,서울 관악구 은천로 105 (봉천동),서울,37.4871240108782,126.947131764449
연세안과병원,"서울 서대문구 연세로 50-1 (신촌동, 세브란스병원)",서울,37.563674036531,126.941917689273
양천구청센트럴,"서울 양천구 목동서로 349 (신정동, 센트럴프라자)",서울,37.517406535882,126.865306840725
서울역트윈시티,"서울 용산구 한강대로 366 (동자동, 트윈시티 남산)",서울,37.5510861198751,126.972911385084
불광역,서울 은평구 통일로 712 (불광동),서울,37.6094500826998,126.931084593513
잠원,"서울 서초구 잠원로 204 (잠원동, 한신상가훼미리)",서울,37.5197884939794,127.014332690543
은평성모병원,서울 은평구 통일로 1021 (진관동),서울,37.6336094022541,126.916152525534
연신내역,서울 은평구 연서로 220 (대조동),서울,37.6180614475535,126.920196558573
문래,"서울 영등포구 당산로 45 (문래동3가, 삼성골프클럽)",서울,37.518910537248,126.894608735855
삼육서울병원,"서울 동대문구 망우로 82 (휘경동, 삼육서울병원, 삼육보건대학교)",서울,37.5862119387672,127.06355328121
홍제역,서울 서대문구 통일로 428-1 (홍제동),서울,37.5876310271935,126.945897515732
마곡양천향교역,서울 강서구 마곡중앙8로1길 81 (마곡동),서울,37.5685092627898,126.837632450912
원더스 서울역,"서울 용산구 청파로 378 (동자동, 한국철도공사)",서울,37.549118478341,126.970484281315
센텀시티홈플러스,"부산 해운대구 센텀동로 6 (우동, 홈플러스센템시티점) 1층",부산,35.1709132429029,129.133691863258
홈플러스아시아드,"부산 연제구 종합운동장로 7 (거제동, 부산아시아드주경기장노외주차장) 지하2층",부산,35.1912673442372,129.062008575202
해운대역사,"부산 해운대구 해운대로 지하 626 (우동, 부산지하철 해운대역)",부산,35.1636437945006,129.158873317353
부산부민병원,"부산 북구 만덕대로 59 (덕천동, 부민병원)",부산,35.2119644521641,129.011215981209
부산시청역사,"부산 연제구 중앙대로 지하 1017 (연산동, 도시철도 시청역)",부산,35.1797766776316,129.076623899785
홈플러스기장정관,"부산 기장군 정관읍 정관5로 50 (매학리, 정관 홈플러스)",부산,35.3230499745953,129.176380761765
부산동래역,"부산 동래구 충렬대로 154 (온천동), 1층 일부호",부산,35.2045235859922,129.076931724796
부산역라마다,"부산 동구 중앙대로196번길 10 (초량동, 부산역라마다앙코르호텔) 104호, 205호. 206호",부산,35.1142438366245,129.040324777113
부산서면,부산 부산진구 가야대로 779 (부전동),부산,35.1579550616706,129.056805686045
센텀KNN,"부산 해운대구 센텀서로 30 (우동, 케이엔엔타워)",부산,35.1720591571479,129.128432630796
트레이더스 연산,부산 연제구 연산동 137-5,부산,35.1834421,129.0899339
부산거제역,부산 연제구 거제동 23-6,부산,35.1881361420106,129.077113271235
부산구서,부산 금정구 구서로 20 (구서동),부산,35.2468805587633,129.089050360129
사상터미널,"부산 사상구 사상로 201 (괘법동, 서부시외버스터미널)",부산,35.1631461622437,128.98098582427
부산동대신,"부산 서구 구덕로 331 (서대신동3가), 1층(서대신동3가)",부산,35.1131965070295,129.015960676645
부산온천장역,"부산 동래구 중앙대로 1523 (온천동, SKHUBSKY)",부산,35.2211719490401,129.085522588953
부산세웅병원,"부산 금정구 서동로 162 (서동, 세웅병원)",부산,35.2144267199409,129.104073726048
하단아트몰링,"부산 사하구 낙동남로 1413 (하단동, 아트몰링)",부산,35.106754958865,128.966474900321
부산화명,"부산 북구 금곡대로285번길 30 (화명동) 105,106호",부산,35.2342307848155,129.011826052722
부산덕천,부산 북구 만덕대로16번길 7 (덕천동),부산,35.2101769755281,129.007145663628
부산명지오션시티,"부산 강서구 명지오션시티4로 70 (명지동, NC TOWER)",부산,35.0827847094117,128.90325422397
경성대부경대역사,"부산 남구 수영로 지하 324 (대연동, 경성대 부경대역)",부산,35.1375576616452,129.100441683595
서면역,"부산 부산진구 중앙대로 지하 730 (부전동, 서면역)",부산,35.157764059003,129.059035752371
부산개금역,"부산 부산진구 가야대로 459 (개금동, 미래여성병원)",부산,35.1536074368839,129.022363129271
부산종합운동장역,"부산 연제구 아시아드대로 89 (거제동, 주안타워)",부산,35.1925914186426,129.066653336369
부산미래병원,"부산 동래구 충렬대로 358 (안락동, 미래병원)",부산,35.1977226987954,129.097562360094
대구본리,대구 달서구 장기로 193 (본리동),대구,35.8433312686866,128.539343807195
화원하나로,"대구 달성군 화원읍 성천로 9 (설화리, 농협달성유통센터)",대구,35.7992907914598,128.487182330972
대구NC아울렛,"대구 북구 유통단지로14길 22 (산격동, 일반의류관) NC아울렛1층",대구,35.905215918899,128.61036484494
대구롯데마트,"대구 동구 안심로 80 (율하동, 롯데쇼핑프라자) 롯데마트율하점1층",대구,35.8684630267062,128.693330946688
성서홈플러스,대구 달서구 달구벌대로 1467 (용산동),대구,35.8494536056911,128.527405810027
수성홈플러스,대구 수성구 두산동 113 수성SK리더스뷰지하1층108동,대구,35.8387186092948,128.623094441987
동대구역사,"대구 동구 동대구로 550 (신암동, 동대구역) 구맞이방",대구,35.8794361440597,128.628775532684
대구신월성,"대구 달서구 조암로 29 (월성동, 월성동이래타워)",대구,35.8245672095578,128.526807145333
대구중앙로역,"대구 중구 국채보상로 지하 580 (동성로2가, 대현프리몰)",대구,35.8708525460161,128.595197993715
대백프라자,"대구 중구 명덕로 333 (대봉동, 대백프라자) 식품관",대구,35.8557170359818,128.606361603087
대구신천,"대구 동구 장등로 20 (신천동),2층",대구,35.8690453086198,128.623664001026
대구혁신,"대구 동구 경안로 855 (각산동, 라온프라자)",대구,35.878610336446,128.713793579773
대구평리,대구 서구 국채보상로 293 (평리동),대구,35.8722175147589,128.563094739176
대구KB빌딩,"대구 수성구 달구벌대로 2397 (범어동, KB손해보험 대구빌딩)",대구,35.8598443274333,128.624862365598
대구대곡,"대구 달서구 도원로 17 (도원동), 1층",대구,35.8081174906958,128.536117694479
대구남산,"대구 중구 달구벌대로 1960 (남산동, 남산휴먼시아1단지아파트), 상가동 102호",대구,35.8631712373067,128.578154199335
대구광장,"대구 서구 달구벌대로 1691 (내당동), 엠프라자하 101호",대구,35.8557187655227,128.550710498388
대구침산,대구 북구 침산남로 180-6 (침산동),대구,35.8868000478582,128.594872578975
한영아동병원,"대구 남구 월배로 468 (대명동, 한영유니죤빌딩), 103호",대구,35.8346489024546,128.555967724896
대구성서롯데,"대구 달서구 성서로 414 (이곡동, 성서롯데시네마), 108호",대구,35.8544315667477,128.507776187359
대구대천,"대구 달서구 조암남로32길 20-4 (대천동), 102호",대구,35.8181653674017,128.516673393669
대구공항국내선,"대구 동구 공항로 221 (지저동, 대구국제공항)",대구,35.8991086837334,128.639261532187
대구은행역,대구 수성구 수성로 377 (수성동1가),대구,35.8591816654802,128.613837064413
대구이시아,대구 동구 팔공로51길 15-11 (봉무동),대구,35.9220295700213,128.639757461783
현풍테크노,"대구 달성군 유가읍 테크노상업로 120 (봉리, 엠스퀘어플러스)",대구,35.6930633080128,128.462900757148
칠곡경북대병원,"대구 북구 호국로 807 (학정동, 칠곡경북대학교병원)",대구,35.9560589767245,128.565223347328
대구구지,대구 달성군 구지면 과학마을로 47 (응암리),대구,35.6559632828266,128.418340995822
칠곡홈플러스,"대구 북구 동암로12길 8 (동천동, 칠곡홈플러스)",대구,35.9449268172911,128.555859679587
계명대동산병원,"대구 달서구 달구벌대로 1035 (신당동, 계명대학교동산병원)",대구,35.8539564853872,128.480225817638
대구대실역,대구 달성군 다사읍 대실역남로 16 (죽곡리),대구,35.856381525808,128.464164760133
인천구월로,"인천 남동구 용천로 68 (구월동, (주)발해인터내셔날) 써니프라자1층",인천,37.4556135317647,126.714923695289
간석홈플러스,"인천 남동구 경원대로 971 (간석동, 홈플러스) 2층",인천,37.4695876807099,126.689107821779
부평동아,인천 부평구 부평문화로 42 (부평동) 부신빌딩102호,인천,37.4937598254908,126.720922396998
제물포역사,"인천 남구 경인로 129 (숭의동, 제물포 역사)",인천,37.466803102521,126.656869633392
검암역사,인천 서구 검바위로 26 1층 6호 검암역 환승통로(검암동),인천,37.569030447138,126.673541984078
인천남동공단,인천 남동구 남동대로 258 (논현동),인천,37.407383311184,126.700261426448
인천신현,인천 서구 가정로394번길 2 (가정동),인천,37.519856911098,126.673283730608
인천사랑병원,"인천 미추홀구 미추홀대로 726 (주안동, 인천사랑병원)",인천,37.4621978586378,126.680684289451
인천신논현,"인천 남동구 논고개로 88 (논현동, 모두병원) 1층",인천,37.3995712259321,126.726001560197
송도센트럴,"인천 연수구 센트럴로 160 (송도동, 송도센트럴파크푸르지오) 1층",인천,37.3931532485555,126.642840131926
영종도운남,인천 중구 운남동 1602-11,인천,37.4776686361584,126.505486017523
공항철도검암역,"인천 서구 검바위로 26 (검암동, 검암역(공항철도))",인천,37.569030447138,126.673541984078
인천W병원,인천 미추홀구 인주대로 396 (주안동),인천,37.4509660585514,126.680650555876
인천서창,인천 남동구 서창남로 52 (서창동) 경성프라자 1층 101호,인천,37.4242277196926,126.750449848605
인천당하,"인천 서구 원당대로 663 (마전동, 한종프라자)",인천,37.5939436315078,126.674881522154
인천청라,"인천 서구 청라에메랄드로 99 (청라동, 지젤엠청라)",인천,37.5336049319905,126.65573076274
석바위시장역,인천 미추홀구 경원대로834번길 27-12 (주안동),인천,37.4574042745911,126.691317945754
인천작전,인천 계양구 계양대로 45 (작전동),인천,37.5277798353527,126.722140155769
인천신동춘,"인천 연수구 앵고개로246번길 10 (동춘동, 대산프라자) 1층101호",인천,37.4084167115333,126.67060441392
인천영종,"인천 중구 하늘중앙로225번길 3 (중산동, 영종M타워)",인천,37.4882016238169,126.558415270458
T1인천공항키오스크,"인천 중구 공항로 272 (운서동, 인천공항)",인천,37.458350712273,126.427699293474
T2인천공항센트럴,인천 중구 제2터미널대로 446 (운서동),인천,37.4692488244219,126.43320918812
부평삼산,"인천 부평구 길주로 659 (삼산동, 미라쥬타워)",인천,37.5071376647226,126.735897832003
인천검단,"인천 서구 이음대로 378 (원당동, 로뎀타워)",인천,37.5939192277609,126.712595876122
부평롯데마트,"인천 부평구 마장로 296 (산곡동, 롯데마트 부평점)",인천,37.5050118176597,126.704074784237
부평세림병원,"인천 부평구 부평대로 175 (청천동, 세림병원)",인천,37.5067418478504,126.719935351107
검단중앙역,"인천 서구 고산후로 279 (불로동, 현해타워3)",인천,37.6087705335946,126.698287230575
송도신도시,"인천 연수구 신송로 122 (송도동, 송도프라자)",인천,37.3958130831592,126.652435342156
송도랜드마크시티,"인천 연수구 랜드마크로 68 (송도동, 랜드마크시티센트럴더샵)",인천,37.4151172407027,126.618222141856
인하대병원,"인천 중구 인항로 27 (신흥동3가, 인하대학병원)",인천,37.4588539721174,126.634164234522
인천용현,인천 미추홀구 낙섬중로 17 (용현동),인천,37.4501301924743,126.636048962914
청라홈플러스,"인천 서구 중봉대로 587 (청라동, 홈플러스 인천청라점)",인천,37.532269200858,126.648753472842
인천공항T1,"인천 중구 공항로 272 (운서동, 인천공항)",인천,37.458350712273,126.427699293474
인천공항탑승동,"인천 중구 공항로 272 (운서동, 인천공항)",인천,37.458350712273,126.427699293474
T2인천공항스카이,인천 중구 제2터미널대로 446 (운서동),인천,37.4692488244219,126.43320918812
송도더스카이,"인천 연수구 인천타워대로 365 (송도동, 힐스테이트 송도 더스카이)",인천,37.4020800569367,126.628247602034
광주월드컵,"광주 서구 금화로 278 (풍암동, 종합체육관)",광주,35.1366611132602,126.879159156444
광주전남대병원,광주 동구 제봉로 41 (학동),광주,35.1421989621818,126.920438030519
광주첨단롯데마트,"광주 광산구 첨단강변로99번길 22 (쌍암동, 롯데마트)",광주,35.2167748780346,126.851917253723
광주오치,광주 북구 설죽로 348 (오치동),광주,35.190661916442,126.899439840534
광주기독병원,광주 남구 양림로 37 (양림동),광주,35.1362325078132,126.911503084987
광주수완,광주 광산구 임방울대로 330 (수완동) 1층 101호,광주,35.1893537292302,126.824065068523
광주동림,광주 서구 하남대로 692 (동천동),광주,35.1714751495145,126.868434587155
광주금호,"광주 서구 풍금로 165 (금호동, 금암빌딩), 1층",광주,35.1306911002314,126.859264608879
광주봉선,광주 남구 봉선중앙로 13 (봉선동) 1층,광주,35.122397583155,126.912522526272
광주하남,"광주 광산구 용아로 259 (산정동, 하남성심병원) B동 101호",광주,35.1663666944985,126.800868311132
광주이마트,"광주 서구 죽봉대로 61 (화정동, 광주 이마트)",광주,35.1588148157408,126.882052488243
광주아이맘병원,"광주 북구 하서로 400 (양산동, 아이맘아동병원)",광주,35.2105532794052,126.874644023112
전남대,광주 북구 우치로 80 (용봉동),광주,35.174647854295,126.912893186268
광주첨단,광주 광산구 첨단중앙로170번길 54 (쌍암동),광주,35.220321711027,126.844739577814
광주상무,"광주 서구 상무중앙로 29 (치평동, 한산빌딩)",광주,35.1495913710549,126.847908223608
광주진월,광주 남구 서문대로 671 (진월동),광주,35.1192945356221,126.898734907588
광주터미널,"광주 서구 무진대로 904 (광천동, 유스퀘어(광천터미널))",광주,35.1605756425809,126.879873116288
광주신용,광주 북구 첨단연신로91번길 6 (신용동),광주,35.2065458016775,126.863654475353
대전터미널서관,"대전 동구 동서대로 1689 (용전동, 대전복합터미널(서관))",대전,36.3503349793975,127.436711042049
대전전민,대전 유성구 유성대로 1754 (전민동),대전,36.3993824690501,127.404096561351
대전유성홈플러스,"대전 유성구 한밭대로 502 (봉명동, 홈플러스)",대전,36.3584023856827,127.354171588147
대전자생병원,대전 서구 탄방동 644,대전,36.3439729210968,127.384195326381
대전보훈병원,"대전 대덕구 대청로82번길 147 (신탄진동, 대전보훈병원)",대전,36.447316412604,127.439693956141
대전역사,"대전 동구 중앙로 215 (정동, 대전역)",대전,36.3344230194263,127.432103833008
대전노은,"대전 유성구 노은로 150 (지족동, 드래곤랜드) 1층 103호,104호",대전,36.3729364285756,127.318408827921
대전타임월드,대전 서구 둔산로31번길 10-23 (둔산동),대전,36.3529056093306,127.378216099734
대전관저,대전 서구 관저로 172 (관저동) 1층 105호,대전,36.2987621692259,127.341031111259
대전도안,"대전 유성구 상대복용로29번길 52 (상대동, 대전아이파크시티 1단지), 39-40호",대전,36.3373202239018,127.329714644615
대전효동,"대전 동구 계족로 10 (효동), 1층",대전,36.3159210902373,127.441243765835
대전신탄진,대전 대덕구 대덕대로 1600 (석봉동),대전,36.4501351966582,127.425582030233
대전관평,대전 유성구 테크노중앙로 50 (관평동) B동 지상 1층 103호,대전,36.4262783297742,127.390649187115
대전목동,대전 중구 목중로 7 (목동),대전,36.3349845770688,127.412454570124
대전패션아일랜드,"대전 동구 은어송로 72 (가오동, 패션아일랜드)",대전,36.3069678174478,127.457985837078
충남대,"대전 유성구 대학로 86 (궁동, 포커스타운)",대전,36.3610863513524,127.34477497913
대전태평,"대전 중구 태평로 71 (태평동, 삼부프라자)",대전,36.3233039427153,127.393401285981
대전카이스트,"대전 유성구 대학로 291 (구성동, 한국과학기술원)",대전,36.3683750600837,127.356771410201
대전송촌,대전 대덕구 송촌북로 42 (송촌동),대전,36.3660952256111,127.436757200618
한남대,대전 대덕구 홍도로 136 (중리동),대전,36.3581130702227,127.427218982488
울산하나로,"울산 북구 진장유통로 90 (진장동, 농사산물종합유통센터)",울산,35.5791108635468,129.358752467814
울산언양,울산 울주군 언양읍 헌양길 167 (서부리),울산,35.5669476012377,129.117248126697
울산반구,울산 중구 번영로 482 (반구동),울산,35.56402931811,129.336421648247
울산무거,울산 남구 대학로 161 (무거동),울산,35.5490879760047,129.262672156103
울산성남,울산 중구 옥교동 84-5,울산,35.5534910876532,129.321933203193
울산동구홈플러스,"울산 동구 방어진순환도로 637 (일산동, 홈플러스) 홈플러스울산동구점 1층",울산,35.4989722629004,129.427474189539
울산원예농협하나로,"울산 울주군 범서읍 장검길 10 (굴화리, 울산원예농협하나로마트)",울산,35.5575889827958,129.253953044844
메가마트울산,"울산 북구 진장17길 10 (진장동, 신선도원몰) 1층",울산,35.5619158810741,129.356439885394
울산역사,"울산 울주군 삼남읍 울산역로 177 (신화리, 울산역)",울산,35.5514991806291,129.138631643059
울산이마트,"울산 남구 남중로 48 (삼산동, 울산점 EMART)",울산,35.5380173079734,129.348399921457
울산매곡,울산 북구 매산로 92-15 (매곡동),울산,35.640713649627,129.358113434375
세종연구단지,"세종특별자치시 null 세종특별자치시 시청대로 370 (반곡동, 나라키움 세종국책연구단지) A동 1층",세종,,
세종고운,"세종특별자치시 null 세종특별자치시 마음안1로 137 (고운동, 가락마을18단지 근린생활시설) 5동 106호, 107호",세종,,
세종보람,"세종특별자치시 null 세종특별자치시 한누리대로 2165 (보람동, 호려울마을7단지 근린생활시설)",세종,,
세종나성,"세종특별자치시 null 세종특별자치시 나성북로 30 (나성동, 퍼스트원), 1층 187,188",세종,,
세종정부청사,"세종특별자치시 null 세종특별자치시 한누리대로 496 (어진동, 세종 리슈빌S) 1층",세종,,
세종아름,"세종특별자치시 null 세종특별자치시 보듬3로 100 (아름동, 해피라움1)",세종,,
일산후곡,경기 고양시 일산서구 일산로 550 (일산동),경기,37.67831847492,126.767306617534
광명사거리역,"경기 광명시 광명로 898 (광명동, 광명빌딩) 1층",경기,37.4790549789538,126.854607502023
김포양촌,"경기 김포시 양촌읍 황금로 117 (학운리, 이젠몰)",경기,37.6164960068509,126.621275478816
평촌,경기 안양시 동안구 평촌동 167,경기,37.388948217631,126.97085287057
백석역,"경기 고양시 일산동구 중앙로 1047 (백석동, 영림브레아오피스텔) 109호",경기,37.6431092569009,126.787197904243
원당역사,"경기 고양시 덕양구 고양대로 1429 (성사동, 원당역)",경기,37.6534333656508,126.843104741837
행신역,"경기 고양시 덕양구 무원로6번길 36 (행신동, 남정씨티프라자6차)105호",경기,37.614046396156,126.833718262095
마석롯데마트,경기 남양주시 화도읍 경춘로 1992 (마석우리) 롯데마트내1층,경기,37.6501390859317,127.309296047054
일산풍동,"경기 고양시 일산동구 숲속마을1로 76 (풍동, 힘찬프라자)",경기,37.6677432842943,126.800363159243
마석우리,"경기 남양주시 화도읍 비룡로 62 (마석우리, 중앙프라자) 105호",경기,37.6575315902364,127.302111135394
평택민자역사,"경기 평택시 평택로 51 (평택동, 평택민자역사) 3층던킨도넛AK플라자",경기,36.9918974768998,127.083288658126
산본역,"경기 군포시 산본로323번길 13 (산본동, 군포상가) 101",경기,37.3588782416238,126.932699710138
안산고잔,"경기 안산시 단원구 광덕대로 151 (고잔동, 삼영타운) 122호",경기,37.310108731276,126.829030848646
성남태평,"경기 성남시 수정구 성남대로 1254 (태평동, 낙원스카이뷰2)",경기,37.4416557020397,127.127858183105
수원정자,경기 수원시 장안구 대평로 80 (정자동) 정연메이져105호,경기,37.2955519260015,126.993629573954
산본수리,"경기 군포시 고산로 515 (산본동, GS휘트니스클럽빌딩) 107호",경기,37.3593263028997,126.922509345266
수원대,경기 화성시 봉담읍 와우리 62-4,경기,37.214504259954,126.978045539475
분당아름마을,"경기 성남시 분당구 판교로 446 (이매동, 그린프라자) 102~103호",경기,37.4054600193076,127.1193434494
기흥휴게소,"경기 용인시 기흥구 공세로 173 (공세동, 기흥휴게소)",경기,37.2363767227901,127.104316216447
용인휴게소상행,경기 용인시 처인구 고림동 88-1,경기,37.2483572741392,127.237129600363
용인휴게소하행,경기 용인시 처인구 고림동 12-6,경기,37.2454701551681,127.242335886614
시흥은행,"경기 시흥시 은행로155번길 11 (은행동, 한별프라자)",경기,37.4442466591399,126.798118787107
가천대,"경기 성남시 수정구 성남대로 1342 (복정동, 가천대학교)",경기,37.4512348695085,127.12939432624
용인마북,경기 용인시 기흥구 마북로 152 (마북동),경기,37.3034554826527,127.123457659874
이천터미널,"경기 이천시 이섭대천로 1200 (중리동, 종합버스터미널) 1층",경기,37.2773643351031,127.446927314044
오산세교,"경기 오산시 수청로 188 (금암동, 롯데슈퍼), 롯데슈퍼 110",경기,37.1773235749107,127.045680882069
이천장호원,경기 이천시 장호원읍 샘재로 159 (장호원리) 1층~2층,경기,37.1172534352902,127.629783773887
안산원곡,"경기 안산시 단원구 라성로 43 (원곡동, 벽산블루밍아파트)",경기,37.3275701220286,126.800328503521
영통홈플러스,"경기 수원시 영통구 봉영로 1576 (영통동, 영통홈플러스) 1층",경기,37.2518163005629,127.072602539897
수원하나로,"경기 수원시 권선구 서부로 1937 (구운동, 농협하나로클럽) 1층",경기,37.283010817525,126.966701882092
서수원이마트,"경기 수원시 권선구 수인로 291 (구운동, 서수원버스터미널) 이마트1층",경기,37.28262996578,126.97014551047
서울랜드,"경기 과천시 광명로 181 (막계동, 서울랜드)",경기,37.4365474290339,127.02404491326
김포통진,경기 김포시 통진읍 조강로 45 (마송리),경기,37.6899247839822,126.600390019573
가평,경기 가평군 가평읍 보납로 25 (읍내리),경기,37.8310958713291,127.513246368132
포천이마트,경기 포천시 호국로 915 (설운동) 이마트내 1층,경기,37.8477456830185,127.160458753698
양주이마트,"경기 양주시 평화로 1713 (회정동, 이마트) 1층",경기,37.8417501721146,127.053849955483
포천신읍,"경기 포천시 중앙로119번길 2 (신읍동, 한빛빌딩)",경기,37.8972502104286,127.202874850749
의정부중앙,경기 의정부시 평화로 544 (의정부동) 1층,경기,37.7404353412354,127.047575287157
분당서현1호,"경기 성남시 분당구 중앙공원로40번길 4, 121호 (서현동, 현대카스올림픽골프파크)",경기,37.3803400065088,127.129424511102
회룡역,"경기 의정부시 평화로 359 101호 (호원동, 회룡한주아파트상가)",경기,37.7240047338501,127.047942949173
지샘병원,경기 안양시 만안구 안양로 211 301호(안양동),경기,37.3921343035425,126.926560168907
부천상동,"경기 부천시 상동 534-6 비잔티움 상동 112,113호",경기,37.5064031568769,126.752536941026
운정야당,경기 파주시 야당동 1070,경기,37.7138144517437,126.759993101354
남양주별내,"경기 남양주시 별내중앙로 26 (별내동)101호(별내동, 진영N타워1)",경기,37.6456955959821,127.125966864176
화성시청,경기 화성시 남양읍 시청로 121 (남양리)환진빌딩 101호,경기,37.2003372902056,126.826575354995
시흥하늘휴게소,경기 시흥시 서울외곽순환고속도로 106 (조남동) 2층 214호,경기,,
광주능평,경기 광주시 오포읍 능평로 63 (능평리),경기,37.3521765993491,127.165778928879
분당파크뷰,"경기 성남시 분당구 정자일로 248 (정자동, 파크뷰) 파크뷰상가113",경기,37.3756755448413,127.107714577463
시흥하중,경기 시흥시 하중동 856-3,경기,37.3942758639869,126.804752932318
용인쥬네브,"경기 용인시 기흥구 동백죽전대로 444 (중동, 쥬네브썬월드빌딩)4층 4081, 4082호",경기,37.2909219365324,127.149368629633
파주운정,경기 파주시 청암로17번길 55 (목동동),경기,37.7279792768636,126.734864395306
성남이마트,"경기 성남시 수정구 수정로 201 (태평동, 신세계쉐덴) 1층",경기,37.4442862725336,127.141411017385
수원컨벤션센터,"경기 수원시 영통구 광교중앙로 140 (하동, 수원컨벤션센터) 1층",경기,37.2858286646645,127.059446949629
인덕원역사,"경기 안양시 동안구 흥안대로 지하 529 (관양동, 인덕원역)",경기,37.4015080484355,126.976688773261
구리갈매,"경기 구리시 갈매중앙로 89-10 (갈매동), 송원빌딩 105호",경기,37.6330013266779,127.116984130727
미사역,경기 하남시 미사강변한강로 290 모노라운지 108호,경기,37.5642184959,127.197460306827
김포마산,"경기 김포시 김포한강8로 167 (마산동), 이루프라자 1층 106호",경기,37.6374223005427,126.643692838223
가평휴게소(상),경기 가평군 설악면 미사리로 544 (미사리),경기,37.7016978925313,127.543474220155
가평휴게소(하),경기 가평군 설악면 미사리로540번길 51 (미사리),경기,37.7019403489619,127.546805136522
용인한숲시티,"경기 용인시 처인구 남사면 한숲로 84 (완장리, e편한세상 용인 한숲시티)",경기,37.1561090694356,127.173656345397
성남하대원,"경기 성남시 중원구 둔촌대로 274 (하대원동, 태연스카이빌)1층 105호",경기,37.4287498048172,127.148890702537
시흥휴게소,경기 시흥시 서울외곽순환고속도로 105 (조남동),경기,,
평택용죽,경기 평택시 용이동 684-1,경기,36.9940980911191,127.125427648486
수원월드컵,"경기 수원시 팔달구 창룡대로210번길 41 (우만동, 월드컵스포츠센터)",경기,37.2901068993408,127.035026697855
NC고잔,"경기 안산시 단원구 광덕대로 194 (고잔동, 2001아울렛) 스타맥스타워2 1층",경기,37.3134591033479,126.831015927769
죽전역사,경기 용인시 수지구 죽전동 1286,경기,37.3254254496978,127.107421554669
파주임진각,경기 파주시 문산읍 임진각로 148-73 (마정리),경기,37.8914503150005,126.740279546575
광주신현,경기 광주시 오포읍 신현리 699-3 삼승빌딩 1층,경기,37.3600897887004,127.154456598699
광주곤지암,"경기 광주시 곤지암읍 평촌길 36 (삼리, 극동빌딩)",경기,37.3564228941075,127.325718601977
서하남휴게소,경기 하남시 서울외곽순환고속도로 19 (춘궁동) 서하남휴게소,경기,37.5458231,127.1807285
전곡터미널,경기 연천군 전곡읍 온골로 54 (전곡리),경기,38.0256002872821,127.06799349865
수내역,경기 성남시 분당구 백현로101번길 21 (수내동),경기,37.3777103702222,127.112886874595
용인역북,경기 용인시 처인구 명지로60번길 8-14 (역북동),경기,37.2322192277102,127.188032288248
동두천지행,"경기 동두천시 지행로 65 (지행동, 동현빌딩) 101호",경기,37.8926766100712,127.054478205135
동탄제일병원,"경기 화성시 삼성1로 130 (석우동, 세정인디안타워)",경기,37.2153193470077,127.078896298127
부천시청,"경기 부천시 길주로 246 (중동, 부천중동리슈빌엔클래스) 104A호",경기,37.5033298065312,126.769629539809
분당차병원,경기 성남시 분당구 야탑동 351 분당차병원 1층,경기,37.4102499478694,127.125249531488
마장휴게소(하),경기 이천시 마장면 중부고속도로 82 (목리),경기,37.2627454533579,127.408483040538
일산중산,경기 고양시 일산동구 고양대로 762 (중산동),경기,37.6818587413302,126.780980857387
배곧아브뉴프랑,"경기 시흥시 서울대학로278번길 8 (정왕동, 시흥배곧 아브뉴프랑 센트럴 레드)",경기,37.3696602978227,126.726545129528
평택고덕궁리,경기 평택시 고덕면 궁2길 68-1 (궁리),경기,37.0177706117516,127.034008175629
판교테크노밸리,"경기 성남시 분당구 판교로255번길 9-22 (삼평동, 판교 우림 W-CITY)",경기,37.4040237290805,127.100089555162
평택포승,경기 평택시 포승읍 여술로 20 (도곡리),경기,36.9877168660446,126.844748644396
화성삼성전자2호,경기 화성시 삼성전자로 1 (반월동),경기,37.2234648640396,127.063384197856
시흥능곡,"경기 시흥시 승지로59번길 12 (능곡동, 시티타워)",경기,37.3688929302135,126.809033453285
화성삼성전자1호,"경기 화성시 삼성전자로 1 (반월동),(207) 매점-4(반월동)",경기,37.2234648640396,127.063384197856
의정부녹양,경기 의정부시 녹양동 412-8,경기,37.7599019266729,127.041350437699
수지구청,"경기 용인시 수지구 수지로296번길 51-10 (풍덕천동, 정석빌딩)",경기,37.3216922206707,127.095302220822
기흥삼성전자K1,"경기 용인시 기흥구 삼성로 1 (농서동, 삼성전자(주)기흥캠퍼스)",경기,37.2269444725375,127.087763746841
파주문산,"경기 파주시 문산읍 문산로 43 (문산리, 패밀리마트)",경기,37.8575500017421,126.783916617308
의정부고산,경기 의정부시 산곡동 254-1,경기,,
화성봉담,경기 화성시 봉담읍 동화길 85 (동화리),경기,37.2169931728115,126.958366387402
김포사우,"경기 김포시 돌문로 49 (사우동), 원정빌딩 1층 일부호(사우동)",경기,37.6192958195788,126.717494206751
평택동삭,경기 평택시 상서재로2길 56-10 (동삭동),경기,37.0152298306045,127.103427392179
안양동안,"경기 안양시 동안구 시민대로159번길 25 (비산동, Festa via), 1층",경기,37.3905777925779,126.947562354355
기흥테라타워,"경기 용인시 기흥구 서천로201번길 11 (농서동, 기흥 테라타워 지식산업센터), 기흥테라타워 지하1",경기,37.231425985432,127.071894127547
김포장기,"경기 김포시 김포한강1로51번길 20 (장기동, 산타마리아),산타마리아상가 111호",경기,37.6439724329596,126.667362545958
삼성미래기술캠퍼스,"경기 수원시 영통구 삼성로 130 (매탄동, 삼성전자공업단지)",경기,37.2509391672754,127.057817491283
남양주장현,"경기 남양주시 진접읍 장현로47번길 6-2 (장현리, 우성코아)",경기,37.7158763632996,127.179224440985
안성아양,경기 안성시 아양1길 18 (석정동),경기,37.0091055857396,127.256491548522
안양역,"경기 안양시 만안구 안양로314번길 20 (안양동), 1층(안양동)",경기,37.4004930236729,126.921558262459
포천송우리,경기 포천시 소흘읍 솔모루로 75 (송우리),경기,37.8284662703735,127.146708740716
안양호계,"경기 안양시 동안구 호계동 943-16, 1층 104호",경기,37.3757776542233,126.955929163117
분당효자촌,"경기 성남시 분당구 불정로 381 (서현동, 효자촌동진프라자), 1006,1007호",경기,37.364443430073,127.123757993562
부천역곡,"경기 부천시 경인로 482 (괴안동, 베르포레아파트), 101-102호",경기,37.4829707150588,126.809283256697
고덕로데오,경기 평택시 고덕동 1886-3,경기,37.056555778032,127.048216830308
안산선부,경기 안산시 단원구 선부동 1081,경기,37.3366907807355,126.813283020274
파주금릉,"경기 파주시 금빛로 27 (금촌동, 광장프라자)",경기,37.7522585196127,126.766276640426
시흥장곡,경기 시흥시 장곡동 818-1,경기,37.3774936362284,126.784681812789
성복역파크나인(휴점),"경기 용인시 수지구 성복1로 13 (성복동, 성복역 롯데캐슬 파크나인)",경기,37.3108741881584,127.073791408878
성남금광,경기 성남시 중원구 광명로323번길 6 (금광동),경기,37.4457110373885,127.161788770545
하남미사강변,"경기 하남시 미사강변대로226번길 26 (망월동, 미사원프라자), 1층 113호, 114호",경기,37.56980302824,127.185180609809
평택고덕,"경기 평택시 고덕여염12길 184 (고덕동), 1층",경기,37.0418356451775,127.052042377153
고양하나로,경기 고양시 일산서구 대화로 362 고양하나로마트내 (대화동),경기,37.6835975708618,126.746377108174
광명철산,"경기 광명시 철산로 24 (철산동, 다인빌딩)",경기,37.4759973926928,126.869002517676
하남중앙미사역,"경기 하남시 미사강변중앙로204번길 22 (망월동, 미사 마이움 센트럴 아케이드)",경기,37.5648040424783,127.190892572121
여주오학,"경기 여주시 도예로 97 (오학동), 1층",경기,37.3111073445111,127.644590909231
양평만남의광장,경기 양평군 양서면 경강로 954 (대심리),경기,37.5083505133824,127.393561204977
수원매교,경기 수원시 권선구 효원로94번길 1 (세류동),경기,37.2661622586584,127.012215157575
광주태전,"경기 광주시 태전동로 23 (태전동, 메디프라자) 1층 102호",경기,37.3866584472733,127.23397387169
평택비전,"경기 평택시 비전5로 20-18 (비전동, 가로수빌딩) 101호",경기,36.9988772877861,127.113577234561
오산이마트,"경기 오산시 경기대로 181 (원동, 오산이마트), 3층 일부",경기,37.1406610739341,127.072703947859
원흥역,"경기 고양시 덕양구 권율대로 685 (원흥동, SIB 타워), 1층 103~4호",경기,37.6329969196136,126.8653632448
김포운양역,경기 김포시 운양동 1299-1,경기,37.6541414762918,126.682652897251
평촌학원가,"경기 안양시 동안구 평촌대로 136 (평촌동, 신세기타운)",경기,37.3844421440758,126.960159678472
걸포북변역,"경기 김포시 걸포로 6 (걸포동, 케이탑리츠 김포빌딩)",경기,37.6322526029999,126.707257052533
흥덕이마트,"경기 용인시 기흥구 흥덕중앙로 60 (영덕동, 이마트)",경기,37.2757524827179,127.07333158206
일산식사,"경기 고양시 일산동구 위시티로 32 (식사동, 위시티스퀘어)",경기,37.6752997067777,126.808850886701
위례호반,"경기 성남시 수정구 위례동로 135 (창곡동, 신성위캐슬타워) 1층 107호",경기,37.472278568853,127.150085322633
화성향남,"경기 화성시 향남읍 행정중앙2로 63-3 (행정리), 1층 107호",경기,37.1298723094641,126.921922178897
인덕원IT,"경기 의왕시 이미로 40 (포일동, 인덕원IT밸리) D동 D110호",경기,37.4010148291019,126.991355744449
양평중앙,경기 양평군 양평읍 역전길 8 (양근리),경기,37.4915829943385,127.489441643333
고양휴게소(하),"경기 고양시 덕양구 수원문산고속도로 52 (성사동, 고양휴게소(하행))",경기,37.6307040429444,126.852222430066
안성의료원,경기 안성시 남파로 101 (당왕동) 102호,경기,37.0165146693522,127.261501240734
죽전보정,"경기 용인시 기흥구 보정로 117 (보정동, 리베로3), 1층 124,125호",경기,37.3153893789189,127.113693856481
동탄나루마을,"경기 화성시 동탄솔빛로 64 (반송동, 가희프라자2)",경기,37.1941712695776,127.074664222002
고양더자인병원,"경기 고양시 덕양구 중앙로 555 (행신동, 자인상가타운)",경기,37.6231849277355,126.835324889817
남한강휴게소,경기 양평군 강상면 중부내륙고속도로 298 (병산리),경기,37.4833196183715,127.467742642194
파주운정이마트,"경기 파주시 한울로 123 (동패동, 이마트운정점)",경기,37.7103886992595,126.745102298599
운정초롱꽃마을,경기 파주시 양지로 131 (동패동),경기,37.7097630350477,126.723383992292
김포구래,"경기 김포시 김포한강9로75번길 180 (구래동, 두원타워)",경기,37.6449161667142,126.624480283456
동탄역,"경기 화성시 동탄대로 489 (오산동, 동탄역우성타워)",경기,37.1974062084016,127.098270640431
원광종합병원,경기 화성시 화산북로 21 (송산동),경기,37.2099945496355,127.008105779958
자유로휴게소,"경기 파주시 자유로 2210 (문발동, 자유로휴게소)",경기,37.6995478687153,126.68427086901
양주휴게소,"경기 양주시 장흥면 수도권제1순환고속도로 58 (삼하리, 양주간이휴게시설)",경기,37.679197833086,126.915781226128
용인동천,"경기 용인시 수지구 손곡로 107 (동천동, 대영프라자)",경기,37.3358870945945,127.090695954952
남양주다산,경기 남양주시 다산동 6054-1,경기,37.6251977028081,127.154365732042
수원인계,"경기 수원시 팔달구 권광로 184 (인계동, 캐슬타워)",경기,37.2638843015003,127.03310232868
양주덕정,경기 양주시 회정로 107 (덕정동),경기,37.8376775010048,127.06508814102
안성공도,경기 안성시 공도읍 공도로 83 (만정리),경기,36.9998375283271,127.170283079111
수원능실마을,경기 수원시 권선구 호매실로90번길 98 (호매실동),경기,37.2601268018843,126.963908363508
수원호매실,"경기 수원시 권선구 금곡로 106 (금곡동, 우성메디피아)",경기,37.2739733214264,126.941996899715
시흥은계,"경기 시흥시 은계로142번길 3-15 (은행동, 블랙스프라우트(Black Sprout))",경기,37.4359951949859,126.804782233323
광명하안,"경기 광명시 범안로 1055 (하안동, 세일빌딩)",경기,37.4629735368685,126.879743782045
삼송하나로,"경기 고양시 덕양구 동송로 20 (동산동, 삼송농산물종합유통센터)",경기,37.6486347309103,126.89888009345
남양주호평,경기 남양주시 호평동 640-2,경기,37.6544924752349,127.244095257844
웅진플레이도시,"경기 부천시 원미구 조마루로 2 (상동, 부천체육문화센타)",경기,37.4994278588911,126.744079457256
양평용문,"경기 양평군 용문면 용문로 359-2 (다문리, 델 에스떼)",경기,37.4847011802609,127.593656003108
동탄하나로,경기 화성시 동탄순환대로27길 30 (영천동),경기,37.2081598236456,127.104357347025
운정로데오,"경기 파주시 경의로 1240 (와동동, 운정역 센트럴 하이뷰)",경기,37.7277432637284,126.761275457673
오산에어베이스,경기 평택시 쇼핑로 2 (신장동),경기,37.0801481589012,127.050016441432
평택험프리스DSC,경기 평택시 팽성읍 안정순환로 118 (안정리),경기,36.9590971521003,127.043155276094
평택험프리스모닝캄,경기 평택시 팽성읍 안정순환로 118 (안정리),경기,36.9590971521003,127.043155276094
군포당동,"경기 군포시 고산로 256 (당동, 금강프라자)",경기,37.3465712847154,126.944336310754
광명역사,"경기 광명시 광명역로 21 (일직동, 고속철도 광명역)",경기,37.4163635638303,126.884877197434
평택청북,경기 평택시 청북읍 청북남로 254 (옥길리),경기,37.0196678967991,126.915939935324
시흥정왕,"경기 시흥시 정왕대로 230 (정왕동, 제일프라자)",경기,37.344967088786,126.738508432833
송산포도휴게소,"경기 화성시 송산면 평택시흥고속도로 25 (고정리, 송산포도휴게소)",경기,37.2368577299461,126.756662553529
동탄호수공원,"경기 화성시 동탄순환대로 127-9 (산척동, 우성애비뉴타워)",경기,37.1666241343658,127.107293214615
하남감일,"경기 하남시 감일중앙로 80 (감이동, 감일 푸르지오 마크베르)",경기,37.5104238558898,127.155723503571
오산휴게소(하행),"경기 오산시 수도권제2순환고속도로 14 (금암동, 오산휴게소 (동탄방향))",경기,37.1758144026937,127.038290521586
오산휴게소(상행),경기 오산시 지곶동 산 58-1,경기,37.1786371445732,127.035673679138
수원터미널,"경기 수원시 권선구 경수대로 270 (권선동, 터미널동, 할인점동)",경기,37.2505144677203,127.019638678088
양주옥정,"경기 양주시 옥정로 196 (옥정동, 파스텔시티)",경기,37.8189407332847,127.0921494186
대화역,"경기 고양시 일산서구 중앙로 1559 (대화동, 씨티타워)",경기,37.675418007671,126.74820446417
파주교하,"경기 파주시 청석로 266 (동패동, 스타프라자)",경기,37.725542334498,126.717749372434
광명중앙대병원,경기 광명시 일직동 501-4,경기,37.4241820452474,126.887108355296
안양관양,경기 안양시 동안구 관평로 296 (관양동),경기,37.4026984474702,126.957233821034
김포풍무역,경기 김포시 유현로238번길 36 (풍무동),경기,37.6109779453236,126.732745617843
부천원종역,"경기 부천시 오정구 소사로 742 (원종동, 세라메디컬센터)",경기,37.5223125197299,126.805135727761
미금역사,"경기 성남시 분당구 성남대로 지하 156 (금곡동, 미금역)",경기,37.3500951835995,127.108932846326
한국외대글로벌캠퍼스,"경기 용인시 처인구 모현읍 외대로 81 (왕산리, 한국외국어대학교글로벌캠퍼스)",경기,37.337738821579,127.268588980123
동두천캠프케이시,경기 동두천시 평화로 2573-1 (보산동),경기,37.9176037437381,127.0567733797
진접홈플러스,"경기 남양주시 진접읍 금강로 1447 (장현리, 홈플러스)",경기,37.7217474135421,127.188606644806
수원삼성전자R5,"경기 수원시 영통구 삼성로 129 (매탄동, 삼성전자)",경기,37.257643055151,127.053129481167
수원망포,"경기 수원시 영통구 영통로217번길 6 (영통동, 망포역 센타프라자)",경기,37.2469552920401,127.056694782742
동수원,"경기 수원시 팔달구 경수대로 584 (인계동, 신동아 파스텔)",경기,37.2776789704118,127.03144983795
상록수역,"경기 안산시 상록구 용신로 393 (본오동, 청암빌딩)",경기,37.3018861195012,126.865915366329
수원역사,"경기 수원시 팔달구 덕영대로 924 (매산로1가, AK플라자)",경기,37.2655920786365,127.000179930083
성남산성,"경기 성남시 수정구 수정로 291 (신흥동, 산성역포레스티아아파트)",경기,37.4510900877003,127.147173393044
병점홈플러스,"경기 화성시 병점구 경기대로 985 (병점동, 홈플러스 병점점)",경기,37.2037286219658,127.036760015746
화성병점,"경기 화성시 병점구 효행로 1059 (진안동, 미래프라자)",경기,37.2147680126192,127.042698289469
원주무실,"강원 원주시 능라동길 51 (무실동, 시네시티타워)",강원,37.3348395414332,127.930150473737
삼척중앙,강원 삼척시 남양동 32-44,강원,37.4123616,129.1662873
강원대병원,"강원 춘천시 백령로 156 (효자동, 강원대학교병원)",강원,37.8757750717447,127.745011033429
동해천곡,"강원 동해시 천곡로 86-2 (천곡동, 대륜빌딩)",강원,37.5228456493652,129.115060456037
양양쏠비치,강원 양양군 손양면 선사유적로 678 1층,강원,38.0882317882525,128.666280393724
문막휴게소(하),"강원특별자치도 원주시 문막읍 원문로 1234 (동화리, 문막하행휴게소)",강원,37.3351152584858,127.858082700858
강릉역사,"강원 강릉시 용지로 176 (교동, 강릉역)",강원,37.7645195812136,128.899617238918
속초조양,"강원 인제군 인제읍 비봉로 43 (상동리, 하늘내린호텔) 0110, 111호",강원,38.0669415198396,128.173614484518
내린천휴게소(하),강원 인제군 상남면 서울양양고속도로 117 (하남리),강원,37.9175359926716,128.288289857084
원주태장,강원 원주시 태장동 692-2,강원,37.3604155677936,127.954706356641
제천청전,"강원 원주시 지정면 신지정로 211 (가곡리), 160,161호",강원,37.3748452421119,127.872714536385
강릉교동,"강원 강릉시 교동광장로 105 (교동), 1층",강원,37.7650768106732,128.876449724854
델피노,"강원특별자치도 고성군 토성면 미시령옛길 1153 (원암리, 델피노골프&리조트) 소노문델피노 East (지하1층)",강원,38.2131162786595,128.493440366843
춘천장학,강원특별자치도 춘천시 동면 춘천로449번길 30 (장학리),강원,37.8948443537052,127.753761777389
원주세브란스병원,"강원특별자치도 원주시 일산로 20 (일산동, 원주세브란스기독병원)",강원,37.3491165410267,127.946725775439
원주단계,"강원특별자치도 원주시 백간길 17-12 (단계동, 원주봉화산벨라시티2차아파트 상가동)",강원,37.3524248243883,127.925883785469
양양,강원특별자치도 양양군 양양읍 양양로 73 (남문리),강원,38.0747889077318,128.621332257744
원주혁신,강원특별자치도 원주시 혁신로 53 (반곡동),강원,37.323498978735,127.979991799634
평창휴게소(하),"강원특별자치도 평창군 용평면 경강로 2159-58 (이목정리, 평창하행휴게소)",강원,37.605442498412,128.452871117102
강원화천,"강원특별자치도 화천군 화천읍 상승로 41 (하리, 춘천축산농협 화천지점)",강원,38.1048278473166,127.703886969104
춘천역,"강원특별자치도 춘천시 공지로 591 (근화동, 춘천역)",강원,37.8846833328824,127.716986362084
원주휴게소(부산),"강원특별자치도 원주시 호저면 마근거리길 120 (옥산리, 원주(부산)휴게소)",강원,37.4338204205693,127.929562869842
춘천롯데마트,"강원특별자치도 춘천시 방송길 84 (온의동, 롯데마트)",강원,37.8686076774981,127.718092618251
죽암휴게소하행,"충북 청주시 서원구 현도면 경부고속도로 289 (선동리, 죽암휴게소 부산기점)",충북,36.4869664690665,127.429191517104
충북청주대,충북 청주시 청원구 직지대로 880 (우암동),충북,36.65081286447,127.487492912548
청주하나로,충북 청주시 상당구 무농정로 32 (방서동),충북,36.6048173494679,127.507391938401
괴산휴게소(하),"충북 괴산군 장연면 중부내륙고속도로 205 (오가리, 괴산마산휴게소)",충북,36.831408783872,127.957865712961
충북진천,충북 진천군 진천읍 상산로 81 (읍내리),충북,36.8547861818754,127.443040229828
충주휴게소(마산방향),충북 충주시 중앙탑면 용전리 산 50-3 충주휴게소하행,충북,37.0213635829667,127.838053655651
청주이마트,"충북 청주시 서원구 청남로 1853 (미평동, 이.마트) 지하2층",충북,36.6011767248613,127.474616956402
충북도청,충북 청주시 상당구 상당로 73 1층 (북문로1가),충북,36.6347436960797,127.490390771364
건국대충주병원,"충북 충주시 국원대로 82 (교현동, 건국대학교충주병원)",충북,36.9793166999844,127.929073596008
충북증평,충북 증평군 증평읍 인삼로 73 (송산리) 103호,충북,36.7886402438792,127.57811225891
충주호암,충북 충주시 호암토성2로 7 (호암동) 106호,충북,36.9558005259113,127.93500970479
충주터미널,충북 충주시 봉계1길 49 (칠금동),충북,36.9815232777626,127.914348036478
청주터미널,"충북 청주시 흥덕구 가경동 1449-3 청주터미널 1층 103,104호",충북,36.6258110278841,127.432861013723
충북금왕,충북 음성군 금왕읍 무극로 255 (무극리),충북,36.9923077101075,127.590102954249
청주신봉,충북 청주시 흥덕구 사운로 303 (신봉동),충북,36.6540688680858,127.470538839337
청주동남지구,충북 청주시 상당구 중고개로 119 (용암동),충북,36.6161660017913,127.518655881047
옥산휴게소(하),"충북 청주시 흥덕구 옥산면 경부고속도로 309 (오산리, 옥산휴게소 부산방향)",충북,36.6576324870606,127.369837074757
오창휴게소하행,"충북 청주시 청원구 오창읍 중부고속도로 21 (화산리, 오창휴게소 통영기점)",충북,36.7584846684236,127.4817571519
충북오창,충북 청주시 청원구 오창읍 중심상업로 7 (양청리),충북,36.7113649278662,127.428682226824
오송역사,"충북 청주시 흥덕구 오송읍 오송가락로 123 (봉산리, 오송역)",충북,36.620474826115,127.327143465414
충북혁신,충북 음성군 맹동면 대하2나길 6 (두성리),충북,36.9070087323225,127.541494660506
충북옥천,"충북 옥천군 옥천읍 삼금로 39 (금구리, 의원)",충북,36.3019169460444,127.56798621265
청주가경,"충북 청주시 흥덕구 가경로 9-9 (가경동, 그린프라자)",충북,36.6162882495211,127.44329496641
제천하소,충북 제천시 용두대로15가길 3 (하소동),충북,37.1397370419556,128.200064650178
옥천휴게소(부산),충북 옥천군 옥천읍 서대구일로 265-19 (매화리),충북,36.2968873406111,127.595230624332
충남홍성,"충남 홍성군 홍성읍 내포로 8 (오관리, 하나크리닉센터)",충남,36.6009201996557,126.666180704438
충남서천,충남 서천군 서천읍 서천로 97 (군사리),충남,36.0775480289662,126.689106029939
논산터미널,충남 논산시 계백로 1000 (취암동),충남,36.2030394186475,127.088314048872
아산충무병원,충남 아산시 문화로 381 (모종동),충남,36.7792924150689,127.019947062579
천안청수,충남 천안시 동남구 청수4로 18 (청당동) 1층 105호 (청당동),충남,36.7835870443932,127.152764073257
예산휴게소(상),"충남 예산군 신양면 당진영덕고속도로 33 (서계양리, 예산휴게소 상행)",충남,36.6196336550818,126.846577952002
충남도청,"충남 홍성군 홍북읍 청사로174번길 2 (신경리, 한승갤러리)",충남,36.6593870125874,126.678987066939
당진기지시,충남 당진시 서해로 6275 (시곡동),충남,36.9029160967082,126.683511910844
충남계룡,"충남 계룡시 엄사면 엄사중앙로 66 (엄사리, 성원아파트)",충남,36.2864298260421,127.242924719338
서산예천,"충남 서산시 호수공원12로 18 (예천동, 하늘사랑)",충남,36.7724388442438,126.448317841539
충남태안,충남 태안군 태안읍 후곡로 132 (동문리),충남,36.7481472456527,126.305174507882
행담도휴게소,충남 당진시 신평면 서해안고속도로 275 (매산리),충남,36.9451430591607,126.807129050488
이인휴게소,"충남 공주시 이인면 논산천안고속도로 32 (이인리, 이인상행휴게소)",충남,36.35266645792,127.069715376197
서산동문,충남 서산시 고운로 251 (동문동),충남,36.7841753665394,126.463067960833
천안신부,"충남 천안시 동남구 만남로 43,고속버스터미널A동1층(신부동)",충남,36.8193302097389,127.15784651678
천안터미널,"충남 천안시 동남구 만남로 43 (신부동, 신세계백화점천안아산점천안종합버스터미널)",충남,36.8193302097389,127.15784651678
천안신방,"충남 천안시 서북구 충무로 178 (쌍용동, U CITY타워) 1층",충남,36.7943075424086,127.126983052515
인삼랜드휴게소(상),"충남 금산군 군북면 대암길 34-30 (외부리, 금산인삼랜드(주))",충남,36.1548549162108,127.497541586294
아산탕정역,충남 아산시 탕정면 한들물빛6로 46 (매곡리),충남,36.7886183791854,127.087969214912
아산배방,충남 아산시 배방읍 모산로 97 (공수리) 1층,충남,36.7741968281293,127.053411067715
서산휴게소(상),"충남 서산시 해미면 서해안고속도로 242 (삼송리, 서산상휴게소)",충남,36.7343412458935,126.566241624135
천안백석,충남 천안시 서북구 한들3로 78-3 (백석동),충남,36.8307596201805,127.123903776567
천안성성,충남 천안시 서북구 성성8로 14-5 (성성동),충남,36.8407354721438,127.129015664893
공주터미널,충남 공주시 신관로 74 (신관동),충남,36.468506127405,127.134730683922
천안휴게소,"충남 천안시 동남구 수신면 성남로 793-40 (신풍리, 천안휴게소)",충남,36.7300867434595,127.264559237174
입장휴게소,"충남 천안시 서북구 입장면 연곡길 407 (가산리, 입장휴게소)",충남,36.943068193002,127.193601702658
보령동대,"충남 보령시 한내로터리길 65 (동대동, 정인빌딩)",충남,36.3464228977446,126.609506010475
충남금산,충남 금산군 금산읍 비단로 297 (상리),충남,36.109684743133,127.490055165813
탄천휴게소,"충남 공주시 탄천면 논산천안고속도로 27 (장선리, 탄천하행휴게소)",충남,36.3191630806256,127.070040988938
망향휴게소,"충남 천안시 서북구 성거읍 돌다리길 23-37 (요방리, 망향휴게소)",충남,36.8560259693033,127.181213326292
천안역사,"충남 천안시 동남구 대흥로 239 (대흥동, 천안역)",충남,36.8123208138282,127.146822493854
천안순천향대병원,충남 천안시 동남구 순천향4길 40 (봉명동),충남,36.8020307762122,127.13565293946
아산탕정,충남 아산시 탕정면 탕정면로 54-3 (갈산리),충남,36.7984311601481,127.063454882985
전북고창,"전북 고창군 고창읍 중앙로 238 (읍내리, 현대서점)",전북,35.4348773209799,126.701362951061
전주고속터미널,"전북 전주시 덕진구 가리내로 70 (금암동, 전주고속버스터미널)",전북,35.8344944504093,127.129283743965
익산영등,"전북 익산시 무왕로15길 5-14 (영등동, 엘르)",전북,35.9590932703525,126.977068676101
전주아중,"전북 전주시 덕진구 무삼지로 76 (인후동1가, 마트앤마트)",전북,35.8323433534298,127.163320273398
전주효자홈플러스,"전북 전주시 완산구 용머리로 31 (효자동1가, 홈플러스 1층)",전북,35.8065975609313,127.114252579284
군산조촌,"전북 군산시 궁포1로 24-9 (조촌동, 엔비빌딩)",전북,35.9761485521342,126.740538534391
전주송천,전북특별자치도 전주시 덕진구 송천중앙로 153 (송천동1가),전북,35.8606897520202,127.120950241049
전주평화,"전북 전주시 완산구 모악로 4688 (평화동2가, 미주치과) 1층 F106호",전북,35.787807294555,127.130710116137
전주대,전북 전주시 완산구 서원로 66 (효자동2가) 1층,전북,35.8133777232832,127.101639649408
부안성모병원,"전북 부안군 부안읍 수정길 19 (봉덕리, 돼지야놀자)",전북,35.7250370777183,126.735061799376
전주혁신의료타워,전북 완주군 이서면 갈산로 46 (갈산리),전북,35.8368360564982,127.056050834704
정읍상동,전북 정읍시 상동 83-4,전북,35.5600935684128,126.87476598469
익산역,"전북 익산시 익산대로 153 (창인동2가, 익산역)",전북,35.9418527931554,126.947304569201
전주에코,전북 전주시 덕진구 세병로 28 (송천동2가),전북,35.873938368907,127.127811480668
군산롯데마트,"전북특별자치도 군산시 수송로 185 (수송동, 롯데마트)",전북,35.9647795458124,126.716395451512
전주이마트,"전북특별자치도 전주시 완산구 당산로 111 (서신동, E마트)",전북,35.832590259328,127.12044783531
정읍역사,"전북특별자치도 정읍시 서부산업도로 305 (연지동, 정읍역)",전북,35.5754841690656,126.842377584782
군산에어베이스,전북특별자치도 군산시 옥서면 산동길 2 (선연리),전북,35.9255376693667,126.618872680153
군산나운,전북특별자치도 군산시 상신5길 2 (나운동),전북,35.9712703709647,126.69877060497
전주효천,전북특별자치도 전주시 완산구 천잠로 145 (효자동2가),전북,35.8003680782226,127.099172705167
군산이마트,"전북특별자치도 군산시 구암3.1로 137 (경암동, 이마트)",전북,35.9831607212072,126.734007380515
동군산병원,"전북특별자치도 군산시 조촌로 149 (조촌동, 동군산병원)",전북,35.9775486073662,126.736973006643
전북김제,전북특별자치도 김제시 검산택지1길 67-10 (검산동),전북,35.8029151517046,126.903952325718
광양읍,전남 광양시 광양읍 희양현로 55 (읍내리),전남,34.9749243766553,127.588818572707
목포기독병원,전남 목포시 상동 828-1,전남,34.8042033147614,126.419840005314
무안남악롯데마트,"전남 무안군 삼향읍 남악로162번길 80 (남악리), 1층",전남,34.8036160875165,126.464690943532
순천터미널,"전남 순천시 장천3길 13, 1층(장천동)",전남,34.9476105698331,127.491355662024
목포용해,전남 목포시 용해지구로 61 (연산동),전남,34.8181454383539,126.392662356752
광양중마,전남 광양시 중마중앙로 60-1 (중동),전남,34.9355145681602,127.698448011317
순천용당,전남 순천시 용당삼산로 11 (용당동) 1층,전남,34.9728684093759,127.489846235496
순천신대,"전남 순천시 해룡면 향매로 69, 1",전남,34.9331786437121,127.550515043485
순천조례,전남 순천시 신월큰길 23 (조례동),전남,34.9604080014075,127.519109224173
여수웅천,"전남 여수시 예울마루로 37-26 (웅천동), 102호",전남,34.7465439553447,127.670009552718
전남화순,"전남 화순군 화순읍 광덕로 204 (만연리, 화순 부영아파트)",전남,35.0630960014337,126.992703307342
여수이마트,"전남 여수시 좌수영로 277 (오림동, 이마트)",전남,34.7579263758966,127.714989373441
나주혁신,전남 나주시 전력로 2 (빛가람동),전남,35.0215716490186,126.785384926139
여천제일병원,전남 여수시 학동1길 26 (학동),전남,34.7658507279595,127.664020227745
남악도청,"전남 무안군 삼향읍 대죽서로 25-14 (남악리), 렉스리움 오피스텔 1층",전남,34.8112133535198,126.460651598341
여수롯데마트,"전남 여수시 국포1로 36 (국동, 롯데마트), 1층",전남,34.7283772530329,127.721529461492
나주역,"전남 나주시 나주역길 56 (송월동, 나주역)",전남,35.0141052534763,126.717160333751
목포케이블고하도,전남 목포시 고하도안길 186 (달동),전남,34.7743877501664,126.360715269371
구미인동,경북 구미시 인동중앙로6길 1 (인의동),경북,36.1071532989823,128.421505434135
문경중앙,경북 문경시 호서로 9 (점촌동),경북,36.5959587642439,128.198425407061
상주터미널,경북 상주시 삼백로 85 (무양동),경북,36.4185819084942,128.15293633468
영주가흥,경북 영주시 대동로 20 (가흥동),경북,36.8149067785933,128.604533655214
경산세명병원,경북 경산시 경안로 208 (중방동),경북,35.8266562984793,128.737289311512
경산꿈나무,경북 경산시 중산동 488 중산동의료시설 104호,경북,35.8353532193009,128.724004746883
구미북삼,경북 구미시 금오대로5길 3 (오태동) 1층,경북,36.071487931197,128.348730496679
포항효자,경북 포항시 남구 효자동 576-11,경북,36.0064602687179,129.337133601442
포항역사,"경북 포항시 북구 흥해읍 포항역로 1 (이인리, 포항역)",경북,36.0716046695892,129.341926589134
한국도로공사본사,"경북 김천시 혁신8로 77 (율곡동, 한국도로공사)",경북,36.1289584298751,128.188725543136
구미형곡,"경북 구미시 신시로 77 (형곡동), 1층 104호",경북,36.1148833101447,128.338709454021
김천신음,"경북 김천시 부거리길 8 (신음동), 1층",경북,36.1343546404677,128.116880249789
문경제일병원,경북 문경시 당교3길 25 (모전동) 문경제일병원 1층,경북,36.5844754231927,128.189328677908
경주시청,경북 경주시 양정로 263 (동천동),경북,35.8563191660235,129.224043951376
경주용황,경북 경주시 용황로10길 16-8 (용강동),경북,35.8841760002136,129.229074621633
구미확장,경북 구미시 산동읍 신당1로3길 19 (신당리),경북,36.1558188604077,128.431208691748
구미옥계,"경북 구미시 옥계북로 36 (옥계동, 메디칼타워)",경북,36.1380786292183,128.421528918413
구미롯데마트,"경북 구미시 구미대로22길 11 (신평동, 롯데마트구미점)",경북,36.1137881261944,128.365409037404
김천구미역사,"경북 김천시 남면 혁신1로 51 (옥산리, 김천(구미)역)",경북,36.1135294351144,128.181176881658
경북의성,경북 의성군 의성읍 문소3길 52 (후죽리),경북,36.3507214492121,128.69541188452
구미순천향대병원,"경북 구미시 1공단로 179 (공단동, 구미순천향병원)",경북,36.1034159338514,128.382170263679
경북왜관,경북 칠곡군 왜관읍 중앙로 98-1 (왜관리),경북,35.9837144756584,128.398907917457
안동옥동,경북 안동시 광명로 193 (옥동),경북,36.5638644400299,128.7040209083
포항문덕,경북 포항시 남구 오천읍 원동로 17 (문덕리),경북,35.9645642093447,129.402780728215
경산하양,경북 경산시 하양읍 하양로 34 (금락리),경북,35.9087844505302,128.813552683764
문경휴게소(하),"경북 문경시 중부내륙고속도로 173 (유곡동, 문경마산방향휴게소)",경북,36.6205103363074,128.149931234729
구미봉곡,경북 구미시 봉곡로 96 (봉곡동),경북,36.1471565194968,128.310571904939
경산역사,"경북 경산시 중앙로 1 (사정동, 경산역)",경북,35.8193911083973,128.727508240274
울진덕구온천,"경북 울진군 북면 덕구온천로 924 (덕구리, 덕구온천관광호텔)",경북,37.0790482783807,129.284249404611
경산휴게소,경북 경산시 진량읍 대학로 1089 (신상리),경북,35.8782089416016,128.807470421299
진주대안,경남 진주시 진주대로 1053 (대안동),경남,35.1936204799154,128.083930543945
통영중앙,경남 통영시 중앙로 122 (항남동),경남,34.842430801931,128.422389773106
마산삼계,"경남 창원시 마산회원구 내서읍 삼계로 6 (삼계리, 삼계스포렉스 빌딩) 110호",경남,35.2322699363153,128.504066565635
진주인벤스,"경남 진주시 향교로 3 (평안동, 롯데인벤스)",경남,35.1978675040347,128.083244598776
양산물금,"경남 양산시 물금읍 범어로 46 (범어리, 토건부동산)",경남,35.3299343362845,129.013114710834
진주휴게소,"경남 진주시 남해고속도로 194 (호탄동, 진주휴게소)",경남,35.1596956765438,128.121988351352
창원팔용,경남 창원시 의창구 팔용로 449 (팔용동),경남,35.256537234249,128.613903996621
진해석동,"경남 창원시 진해구 냉천로 63 (석동, city&country), 1층 101호",경남,35.152200557352,128.704097573276
경남고성,경남 고성군 고성읍 동외로 157 (동외리),경남,34.9753730183231,128.325654232527
거제고현,"경남 거제시 장평로 12 (장평동, 디큐브백화점) 지하 1층",경남,34.8910558081136,128.616402009975
마산양덕,"경남 창원시 마산회원구 율림교로 6 (양덕동, 메트로스퀘어6) 116",경남,35.2293151104932,128.58442914383
진주혁신,경남 진주시 사들로 42 (충무공동) 1층 106호,경남,35.1714692592019,128.148187426518
김해율하,경남 김해시 율하6로 60 (장유동),경남,35.1723079610453,128.824022845759
양산석산,경남 양산시 동면 금오13길 54 (석산리) 101-5호,경남,35.3193861918638,129.025397711801
거제아주,경남 거제시 아주1로 66 (아주동),경남,34.8666935187006,128.685753715531
김해터미널,경남 김해시 외동 1264,경남,35.2291315540033,128.872148827567
마산합성,"경남 창원시 마산회원구 3.15대로 750 (합성동, 마산시외버스터미널), A1동 1층",경남,35.2386908353817,128.583125909436
진주평거퀸즈웰가,"경남 진주시 새평거로 25 상가2동 104호 (평거동, 더 퀸즈웰가)",경남,35.1665554324475,128.049618863316
양산증산,"경남 양산시 물금읍 증산역로 135 (가촌리), 1층116호(퍼스트조양)",경남,35.3105801324847,129.00528763271
양산사송,경남 양산시 동면 내송내안2길 35 (내송리),경남,35.3187536364123,129.067130814173
창원한마음병원,경남 창원시 의창구 사림동 162-4 시그니처M 101호,경남,35.2382036811103,128.697761938955
장유여객터미널(휴점),경남 김해시 무계로 56 (무계동),경남,35.2004380504343,128.819363680255
진주평거,"경남 진주시 진양호로 206 (평거동, BYC 진주빌딩)",경남,35.1725294804326,128.060070897897
양산덕계,경남 양산시 덕계로 61 (덕계동),경남,35.3737057822316,129.150315504549
제주송악산,제주특별자치도 서귀포시 대정읍 형제해안로 322번지,제주,33.2067772259681,126.289973082566
제주탑동,제주특별자치도 제주시 탑동로 24 (삼도이동),제주,33.517560202795,126.522460881414
제주한마음병원,"제주특별자치도 제주시 연신로 52 (이도2동, 한마음병원)",제주,33.4962868079834,126.546238571767
제주한화아쿠아,"제주특별자치도 서귀포시 성산읍 섭지코지로 95 (고성리, Aqua Planet Jeju)",제주,33.4329768585971,126.927795526895
제주화북,제주특별자치도 제주시 화북일동 1989,제주,33.5192236843103,126.565811946694
제주삼화,"제주특별자치도 제주시 건주로4길 6-4 (도련일동, 제주 아빌로스)",제주,33.516282102857,126.580289838365
제주신화월드,제주특별자치도 서귀포시 안덕면 서광리 산 24,제주,33.3068460968274,126.317477950826
제주시청,제주특별자치도 제주시 중앙로 216 (이도이동),제주,33.5000781424002,126.529237215848
서귀포혁신,"제주특별자치도 서귀포시 신서로48번길 31 (강정동, 명성 클리닉 빌딩)",제주,33.2535774663368,126.508636272298
제주연동,제주특별자치도 제주시 국기로 17 (연동),제주,33.4801671008731,126.490004610417
제주아라,제주특별자치도 제주시 중앙로 504 (아라일동),제주,33.4782739579704,126.543398566498
서귀포동홍,제주특별자치도 서귀포시 동홍중앙로 77 (동홍동),제주,33.2575149901532,126.571828909237
신제주,제주특별자치도 제주시 노형8길 17 (노형동),제주,33.4839728485374,126.478980076356
(B2B)제주뽀로로타요 테마파크_거래중,제주특별자치도 서귀포시 안덕면 쇠물도로 14 (창천리),제주,33.2698325205262,126.369934461627
서귀포광장,제주특별자치도 서귀포시 중앙로 88 (서귀동),제주,33.2526101225939,126.561606560859
